,QuestionId,Age_vot,AnsRank,Votes,ReScore,Norm_Pos,Norm_Pos_2,Norm_DRank
0,1.0,108,5,1.0,0.0,1.0,1.0,0.0
0,1.0,158,5,0.0,0.0,1.0,1.0,0.0
0,1.0,951,5,1.0,0.0,0.833333333333,0.694444444444,0.0
0,1.0,952,5,0.0,0.0,0.833333333333,0.694444444444,0.0
0,1.0,1232,5,0.0,0.0,0.833333333333,0.694444444444,0.0
0,1.0,1256,5,0.0,0.0,0.833333333333,0.694444444444,0.0
0,1.0,1285,5,0.0,0.0,0.833333333333,0.694444444444,0.0
0,1.0,1401,5,0.0,0.0,0.833333333333,0.694444444444,0.0
0,1.0,1436,5,0.0,0.0,0.714285714286,0.510204081633,0.0
1,1.0,1436,5,0.0,0.0,0.714285714286,0.510204081633,0.0
2,1.0,1436,5,0.0,0.0,0.714285714286,0.510204081633,0.0
0,2.0,0,5,0.0,0.0,1.0,1.0,0.0
1,2.0,0,5,0.0,0.0,1.0,1.0,0.0
2,2.0,0,5,0.0,0.0,1.0,1.0,0.0
3,2.0,0,5,0.0,0.0,1.0,1.0,0.0
4,2.0,0,5,0.0,0.0,1.0,1.0,0.0
5,2.0,0,5,0.0,0.0,1.0,1.0,0.0
6,2.0,0,5,0.0,0.0,1.0,1.0,0.0
7,2.0,0,5,0.0,0.0,1.0,1.0,0.0
8,2.0,0,5,1.0,0.0,1.0,1.0,0.0
0,2.0,1,5,0.0,0.0,1.0,1.0,0.0
1,2.0,1,5,0.0,0.0,1.0,1.0,0.0
0,2.0,2,5,0.0,0.0,1.0,1.0,0.0
0,2.0,15,5,0.0,0.0,1.0,1.0,0.0
1,2.0,15,5,0.0,0.0,1.0,1.0,0.0
0,2.0,26,5,0.0,0.0,1.0,1.0,0.0
0,2.0,808,5,0.0,0.0,1.0,1.0,0.0
0,3.0,0,5,0.0,0.0,0.833333333333,0.694444444444,0.0
1,3.0,0,5,0.0,0.0,0.833333333333,0.694444444444,0.0
2,3.0,0,5,0.0,0.0,0.833333333333,0.694444444444,0.0
3,3.0,0,5,0.0,0.0,0.833333333333,0.694444444444,0.0
4,3.0,0,5,0.0,0.0,0.833333333333,0.694444444444,0.0
5,3.0,0,5,0.0,0.0,0.833333333333,0.694444444444,0.0
6,3.0,0,5,0.0,0.0,0.833333333333,0.694444444444,0.0
7,3.0,0,5,0.0,0.0,0.833333333333,0.694444444444,0.0
8,3.0,0,5,0.0,0.0,0.833333333333,0.694444444444,0.0
9,3.0,0,5,0.0,0.0,0.833333333333,0.694444444444,0.0
10,3.0,0,5,1.0,0.0,0.833333333333,0.694444444444,0.0
0,3.0,1,5,0.0,0.0,0.714285714286,0.510204081633,0.0
1,3.0,1,5,0.0,0.0,0.714285714286,0.510204081633,0.0
2,3.0,1,5,0.0,0.0,0.714285714286,0.510204081633,0.0
3,3.0,1,5,0.0,0.0,0.714285714286,0.510204081633,0.0
4,3.0,1,5,0.0,0.0,0.714285714286,0.510204081633,0.0
5,3.0,1,5,0.0,0.0,0.714285714286,0.510204081633,0.0
6,3.0,1,5,0.0,0.0,0.714285714286,0.510204081633,0.0
7,3.0,1,5,0.0,0.0,0.714285714286,0.510204081633,0.0
8,3.0,1,5,0.0,0.0,0.714285714286,0.510204081633,0.0
9,3.0,1,5,1.0,0.0,0.714285714286,0.510204081633,0.0
0,3.0,2,5,0.0,0.0,0.714285714286,0.510204081633,0.0
1,3.0,2,5,0.0,0.0,0.714285714286,0.510204081633,0.0
2,3.0,2,5,0.0,0.0,0.714285714286,0.510204081633,0.0
0,3.0,3,5,0.0,0.0,0.714285714286,0.510204081633,0.0
0,3.0,5,5,1.0,0.0,0.625,0.390625,0.0
0,3.0,6,5,0.0,0.0,0.625,0.390625,0.0
0,3.0,8,5,0.0,0.0,0.625,0.390625,0.0
0,3.0,13,5,0.0,0.0,0.625,0.390625,0.0
1,3.0,13,5,0.0,0.0,0.625,0.390625,0.0
2,3.0,13,5,0.0,0.0,0.625,0.390625,0.0
0,3.0,30,5,0.0,0.0,0.625,0.390625,0.0
0,3.0,48,5,0.0,0.0,0.625,0.390625,0.0
0,3.0,65,5,0.0,0.0,0.625,0.390625,0.0
1,3.0,65,5,0.0,0.0,0.625,0.390625,0.0
0,3.0,362,5,0.0,0.0,0.625,0.390625,0.0
1,3.0,362,5,0.0,0.0,0.625,0.390625,0.0
2,3.0,362,5,0.0,0.0,0.625,0.390625,0.0
0,3.0,401,5,0.0,0.0,0.625,0.390625,0.0
0,3.0,491,5,0.0,0.0,0.625,0.390625,0.0
0,3.0,521,5,0.0,0.0,0.625,0.390625,0.0
1,3.0,521,5,0.0,0.0,0.625,0.390625,0.0
0,3.0,615,5,0.0,0.0,0.625,0.390625,0.0
1,3.0,615,5,0.0,0.0,0.625,0.390625,0.0
0,3.0,739,5,0.0,0.0,0.625,0.390625,0.0
0,3.0,743,5,0.0,0.0,0.625,0.390625,0.0
0,3.0,751,5,0.0,0.0,0.555555555556,0.308641975309,0.0
0,3.0,752,5,0.0,0.0,0.555555555556,0.308641975309,-0.111111111111
1,3.0,752,5,0.0,0.0,0.555555555556,0.308641975309,-0.111111111111
2,3.0,752,5,0.0,0.0,0.555555555556,0.308641975309,-0.111111111111
0,3.0,776,5,0.0,0.0,0.555555555556,0.308641975309,-0.111111111111
0,3.0,781,5,0.0,0.0,0.555555555556,0.308641975309,-0.111111111111
0,3.0,952,5,1.0,0.0,0.5,0.25,-0.1
0,3.0,1191,5,0.0,0.0,0.5,0.25,-0.1
1,3.0,1191,5,0.0,0.0,0.5,0.25,-0.1
0,3.0,1219,5,1.0,0.0,0.454545454545,0.206611570248,-0.0909090909091
0,3.0,1220,5,0.0,0.0,0.454545454545,0.206611570248,-0.0909090909091
1,3.0,1220,5,0.0,0.0,0.454545454545,0.206611570248,-0.0909090909091
0,3.0,1406,5,0.0,0.0,0.454545454545,0.206611570248,-0.0909090909091
0,7.0,338,5,1.0,0.0,1.0,1.0,0.0
0,7.0,339,5,0.0,0.857142857143,1.0,1.0,0.6
0,7.0,342,5,0.0,0.857142857143,0.833333333333,0.694444444444,0.5
0,7.0,343,5,0.0,0.5,0.833333333333,0.694444444444,0.166666666667
0,7.0,344,5,0.0,0.5,0.833333333333,0.694444444444,0.0
0,7.0,359,5,0.0,0.5,0.833333333333,0.694444444444,0.0
0,7.0,457,5,0.0,0.5,0.833333333333,0.694444444444,0.0
1,7.0,457,5,0.0,0.5,0.833333333333,0.694444444444,0.0
0,7.0,552,5,0.0,0.5,0.833333333333,0.694444444444,0.0
0,7.0,808,5,0.0,0.5,0.833333333333,0.694444444444,0.0
1,7.0,808,5,0.0,0.5,0.833333333333,0.694444444444,0.0
0,7.0,851,5,0.0,0.5,0.833333333333,0.694444444444,0.0
1,7.0,851,5,0.0,0.5,0.833333333333,0.694444444444,0.0
0,7.0,1069,5,0.0,0.5,0.833333333333,0.694444444444,0.0
0,7.0,1366,5,0.0,0.5,0.833333333333,0.694444444444,0.0
0,7.0,1371,5,0.0,0.5,0.833333333333,0.694444444444,0.0
0,7.0,1469,5,0.0,0.5,0.714285714286,0.510204081633,0.0
0,18.0,262,5,0.0,0.0,1.0,1.0,0.0
0,18.0,263,5,0.0,0.0,1.0,1.0,0.0
0,18.0,266,5,0.0,0.0,1.0,1.0,0.0
0,18.0,316,5,0.0,0.0,1.0,1.0,0.0
0,18.0,443,5,0.0,0.0,1.0,1.0,0.0
0,18.0,1334,5,0.0,0.0,1.0,1.0,0.0
0,21.0,328,5,0.0,0.0,1.0,1.0,0.0
1,21.0,328,5,0.0,0.0,1.0,1.0,0.0
0,21.0,329,5,0.0,0.0,1.0,1.0,0.0
1,21.0,329,5,0.0,0.0,1.0,1.0,0.0
2,21.0,329,5,0.0,0.0,1.0,1.0,0.0
0,21.0,336,5,0.0,0.0,1.0,1.0,0.0
0,21.0,339,5,0.0,0.0,1.0,1.0,0.0
0,21.0,363,5,0.0,0.0,1.0,1.0,0.0
0,25.0,90,5,0.0,0.0,1.0,1.0,0.0
0,25.0,91,5,1.0,0.0,1.0,1.0,0.0
0,25.0,97,5,0.0,0.0,1.0,1.0,0.0
0,25.0,102,5,0.0,0.0,1.0,1.0,0.0
1,25.0,102,5,0.0,0.0,1.0,1.0,0.0
0,25.0,128,5,0.0,0.0,1.0,1.0,0.0
0,25.0,162,5,0.0,0.0,1.0,1.0,0.0
0,25.0,344,5,0.0,0.0,1.0,1.0,0.0
1,25.0,344,5,0.0,0.0,1.0,1.0,0.0
2,25.0,344,5,0.0,0.0,1.0,1.0,0.0
0,25.0,346,5,0.0,0.0,0.714285714286,0.510204081633,0.0
1,25.0,346,5,0.0,0.0,0.714285714286,0.510204081633,0.0
0,25.0,347,5,0.0,0.0,0.714285714286,0.510204081633,0.0
1,25.0,347,5,0.0,0.0,0.714285714286,0.510204081633,0.0
0,25.0,867,5,0.0,0.0,0.625,0.390625,0.0
1,25.0,867,5,1.0,0.0,0.625,0.390625,0.0
0,25.0,869,5,0.0,0.0,0.625,0.390625,0.0
0,25.0,918,5,0.0,0.0,0.625,0.390625,0.0
0,25.0,960,5,0.0,0.0,0.625,0.390625,0.0
0,25.0,1072,5,1.0,0.0,0.555555555556,0.308641975309,0.0
0,25.0,1073,5,0.0,0.0,0.555555555556,0.308641975309,0.0
1,25.0,1073,5,0.0,0.0,0.555555555556,0.308641975309,0.0
0,25.0,1138,5,0.0,0.0,0.555555555556,0.308641975309,0.0
1,25.0,1138,5,0.0,0.0,0.555555555556,0.308641975309,0.0
0,25.0,1140,5,0.0,0.0,0.555555555556,0.308641975309,0.0
0,25.0,1218,5,0.0,0.0,0.555555555556,0.308641975309,0.0
0,25.0,1375,5,0.0,0.0,0.555555555556,0.308641975309,0.0
0,28.0,1144,5,0.0,0.0,1.0,1.0,0.0
0,28.0,1146,5,0.0,0.0,1.0,1.0,0.0
0,38.0,306,5,1.0,0.0,1.0,1.0,0.0
1,38.0,306,5,1.0,0.0,1.0,1.0,0.0
2,38.0,306,5,1.0,0.0,1.0,1.0,0.0
0,38.0,307,5,0.0,0.666666666667,1.0,1.0,0.6
0,38.0,315,5,0.0,0.666666666667,1.0,1.0,0.4
1,38.0,315,5,0.0,0.666666666667,1.0,1.0,0.4
0,38.0,320,5,0.0,0.666666666667,1.0,1.0,0.4
0,38.0,414,5,0.0,0.666666666667,1.0,1.0,0.4
0,38.0,728,5,0.0,0.666666666667,1.0,1.0,0.4
0,38.0,730,5,0.0,0.666666666667,1.0,1.0,0.4
0,38.0,731,5,0.0,0.666666666667,1.0,1.0,0.4
0,38.0,739,5,0.0,0.666666666667,1.0,1.0,0.4
0,38.0,1235,5,0.0,0.666666666667,1.0,1.0,0.4
0,38.0,1413,5,0.0,0.666666666667,1.0,1.0,0.4
1,38.0,1413,5,0.0,0.666666666667,1.0,1.0,0.4
0,38.0,1416,5,0.0,0.666666666667,0.833333333333,0.694444444444,0.333333333333
0,63.0,8,5,1.0,0.0,1.0,1.0,0.0
1,63.0,8,5,1.0,0.0,1.0,1.0,0.0
0,63.0,9,5,0.0,0.0,1.0,1.0,0.0
1,63.0,9,5,0.0,0.0,1.0,1.0,0.0
2,63.0,9,5,0.0,0.0,1.0,1.0,0.0
3,63.0,9,5,0.0,0.0,1.0,1.0,0.0
0,63.0,15,5,0.0,0.0,1.0,1.0,0.0
0,63.0,20,5,0.0,0.0,0.833333333333,0.694444444444,0.0
0,63.0,21,5,0.0,0.0,0.833333333333,0.694444444444,0.0
0,63.0,31,5,0.0,0.857142857143,0.833333333333,0.694444444444,0.666666666667
0,63.0,48,5,0.0,0.857142857143,0.714285714286,0.510204081633,0.571428571429
0,63.0,49,5,0.0,0.5,0.714285714286,0.510204081633,0.142857142857
1,63.0,49,5,0.0,0.5,0.714285714286,0.510204081633,0.142857142857
2,63.0,49,5,0.0,0.5,0.714285714286,0.510204081633,0.142857142857
3,63.0,49,5,0.0,0.5,0.714285714286,0.510204081633,0.142857142857
0,63.0,50,5,0.0,0.0,0.714285714286,0.510204081633,-0.142857142857
1,63.0,50,5,0.0,0.0,0.714285714286,0.510204081633,-0.142857142857
0,63.0,51,5,0.0,0.0,0.714285714286,0.510204081633,-0.142857142857
1,63.0,51,5,0.0,0.0,0.714285714286,0.510204081633,-0.142857142857
0,63.0,54,5,0.0,0.0,0.625,0.390625,-0.125
0,63.0,55,5,0.0,0.5,0.625,0.390625,0.0
0,63.0,71,5,0.0,0.75,0.625,0.390625,0.25
0,63.0,108,5,0.0,0.5,0.625,0.390625,-0.125
1,63.0,108,5,0.0,0.5,0.625,0.390625,-0.125
2,63.0,108,5,0.0,0.5,0.625,0.390625,-0.125
3,63.0,108,5,0.0,0.5,0.625,0.390625,-0.125
4,63.0,108,5,1.0,0.5,0.625,0.390625,-0.125
0,63.0,123,5,0.0,0.666666666667,0.625,0.390625,0.0
0,63.0,129,5,0.0,0.666666666667,0.625,0.390625,0.0
0,63.0,304,5,0.0,0.666666666667,0.625,0.390625,0.0
0,63.0,454,5,0.0,0.666666666667,0.625,0.390625,0.0
0,63.0,566,5,0.0,0.666666666667,0.555555555556,0.308641975309,0.0
0,63.0,567,5,0.0,0.727272727273,0.555555555556,0.308641975309,0.222222222222
0,63.0,738,5,0.0,0.666666666667,0.555555555556,0.308641975309,0.111111111111
0,63.0,827,5,0.0,0.666666666667,0.555555555556,0.308641975309,0.111111111111
0,63.0,1257,5,0.0,0.666666666667,0.555555555556,0.308641975309,0.111111111111
0,64.0,2,5,0.0,0.0,1.0,1.0,0.0
1,64.0,2,5,1.0,0.0,1.0,1.0,0.0
0,64.0,3,5,0.0,0.0,1.0,1.0,0.0
1,64.0,3,5,0.0,0.0,1.0,1.0,0.0
0,64.0,6,5,0.0,0.5,1.0,1.0,0.0
1,64.0,6,5,0.0,0.5,1.0,1.0,0.0
2,64.0,6,5,0.0,0.5,1.0,1.0,0.0
3,64.0,6,5,1.0,0.5,1.0,1.0,0.0
0,64.0,14,5,0.0,0.5,1.0,1.0,0.0
0,64.0,20,5,0.0,0.5,1.0,1.0,0.0
1,64.0,20,5,0.0,0.5,1.0,1.0,0.0
0,64.0,30,5,0.0,0.5,1.0,1.0,0.0
0,64.0,1335,5,0.0,0.5,1.0,1.0,0.0
1,64.0,1335,5,0.0,0.5,1.0,1.0,0.0
2,64.0,1335,5,0.0,0.5,1.0,1.0,0.0
3,64.0,1335,5,0.0,0.5,1.0,1.0,0.0
0,84.0,0,5,0.0,0.0,0.714285714286,0.510204081633,0.0
1,84.0,0,5,0.0,0.0,0.714285714286,0.510204081633,0.0
2,84.0,0,5,0.0,0.0,0.714285714286,0.510204081633,0.0
3,84.0,0,5,0.0,0.0,0.714285714286,0.510204081633,0.0
4,84.0,0,5,0.0,0.0,0.714285714286,0.510204081633,0.0
5,84.0,0,5,0.0,0.0,0.714285714286,0.510204081633,0.0
6,84.0,0,5,0.0,0.0,0.714285714286,0.510204081633,0.0
7,84.0,0,5,0.0,0.0,0.714285714286,0.510204081633,0.0
8,84.0,0,5,0.0,0.0,0.714285714286,0.510204081633,0.0
9,84.0,0,5,0.0,0.0,0.714285714286,0.510204081633,0.0
10,84.0,0,5,0.0,0.0,0.714285714286,0.510204081633,0.0
11,84.0,0,5,0.0,0.0,0.714285714286,0.510204081633,0.0
12,84.0,0,5,0.0,0.0,0.714285714286,0.510204081633,0.0
13,84.0,0,5,0.0,0.0,0.714285714286,0.510204081633,0.0
14,84.0,0,5,1.0,0.0,0.714285714286,0.510204081633,0.0
15,84.0,0,5,1.0,0.0,0.714285714286,0.510204081633,0.0
16,84.0,0,5,1.0,0.0,0.714285714286,0.510204081633,0.0
17,84.0,0,5,1.0,0.0,0.714285714286,0.510204081633,0.0
0,84.0,1,5,0.0,0.0,0.555555555556,0.308641975309,0.0
1,84.0,1,5,0.0,0.0,0.555555555556,0.308641975309,0.0
2,84.0,1,5,0.0,0.0,0.555555555556,0.308641975309,0.0
3,84.0,1,5,0.0,0.0,0.555555555556,0.308641975309,0.0
4,84.0,1,5,0.0,0.0,0.555555555556,0.308641975309,0.0
5,84.0,1,5,0.0,0.0,0.555555555556,0.308641975309,0.0
6,84.0,1,5,0.0,0.0,0.555555555556,0.308641975309,0.0
7,84.0,1,5,0.0,0.0,0.555555555556,0.308641975309,0.0
8,84.0,1,5,0.0,0.0,0.555555555556,0.308641975309,0.0
9,84.0,1,5,0.0,0.0,0.555555555556,0.308641975309,0.0
10,84.0,1,5,0.0,0.0,0.555555555556,0.308641975309,0.0
11,84.0,1,5,0.0,0.0,0.555555555556,0.308641975309,0.0
12,84.0,1,5,1.0,0.0,0.555555555556,0.308641975309,0.0
0,84.0,2,5,0.0,0.0,0.555555555556,0.308641975309,-0.111111111111
1,84.0,2,5,0.0,0.0,0.555555555556,0.308641975309,-0.111111111111
2,84.0,2,5,0.0,0.0,0.555555555556,0.308641975309,-0.111111111111
3,84.0,2,5,0.0,0.0,0.555555555556,0.308641975309,-0.111111111111
0,84.0,3,5,0.0,0.0,0.555555555556,0.308641975309,-0.111111111111
0,84.0,4,5,0.0,0.0,0.555555555556,0.308641975309,-0.111111111111
1,84.0,4,5,0.0,0.0,0.555555555556,0.308641975309,-0.111111111111
2,84.0,4,5,0.0,0.0,0.555555555556,0.308641975309,-0.111111111111
3,84.0,4,5,0.0,0.0,0.555555555556,0.308641975309,-0.111111111111
0,84.0,5,5,0.0,0.75,0.555555555556,0.308641975309,0.222222222222
1,84.0,5,5,0.0,0.75,0.555555555556,0.308641975309,0.222222222222
2,84.0,5,5,0.0,0.75,0.555555555556,0.308641975309,0.222222222222
3,84.0,5,5,0.0,0.75,0.555555555556,0.308641975309,0.222222222222
4,84.0,5,5,0.0,0.75,0.555555555556,0.308641975309,0.222222222222
5,84.0,5,5,1.0,0.75,0.555555555556,0.308641975309,0.222222222222
0,84.0,6,5,0.0,0.75,0.555555555556,0.308641975309,0.333333333333
1,84.0,6,5,0.0,0.75,0.555555555556,0.308641975309,0.333333333333
0,84.0,7,5,0.0,0.75,0.555555555556,0.308641975309,0.222222222222
0,84.0,8,5,0.0,0.75,0.555555555556,0.308641975309,0.222222222222
1,84.0,8,5,0.0,0.75,0.555555555556,0.308641975309,0.222222222222
0,84.0,9,5,0.0,0.5,0.555555555556,0.308641975309,0.0
1,84.0,9,5,1.0,0.5,0.555555555556,0.308641975309,0.0
0,84.0,11,5,0.0,0.888888888889,0.555555555556,0.308641975309,0.444444444444
1,84.0,11,5,1.0,0.888888888889,0.555555555556,0.308641975309,0.444444444444
0,84.0,17,5,1.0,0.666666666667,0.555555555556,0.308641975309,0.111111111111
0,84.0,21,5,0.0,0.666666666667,0.555555555556,0.308641975309,0.0
0,84.0,29,5,0.0,0.8,0.555555555556,0.308641975309,0.222222222222
1,84.0,29,5,0.0,0.8,0.555555555556,0.308641975309,0.222222222222
0,84.0,30,5,0.0,0.8,0.555555555556,0.308641975309,0.222222222222
0,84.0,35,5,0.0,0.8,0.5,0.25,0.2
0,84.0,36,5,0.0,0.8,0.5,0.25,0.2
0,84.0,47,5,0.0,0.666666666667,0.5,0.25,-0.1
1,84.0,47,5,0.0,0.666666666667,0.5,0.25,-0.1
2,84.0,47,5,1.0,0.666666666667,0.5,0.25,-0.1
0,84.0,50,5,0.0,0.666666666667,0.5,0.25,-0.1
0,84.0,57,5,0.0,0.666666666667,0.5,0.25,-0.1
0,84.0,60,5,0.0,0.666666666667,0.5,0.25,-0.1
0,84.0,68,5,0.0,0.666666666667,0.5,0.25,-0.1
1,84.0,68,5,0.0,0.666666666667,0.5,0.25,-0.1
0,84.0,71,5,0.0,0.833333333333,0.5,0.25,0.2
0,84.0,74,5,0.0,0.833333333333,0.5,0.25,0.3
0,84.0,89,5,0.0,0.833333333333,0.5,0.25,0.3
1,84.0,89,5,0.0,0.833333333333,0.5,0.25,0.3
0,84.0,121,5,0.0,0.9,0.5,0.25,0.4
1,84.0,121,5,1.0,0.9,0.5,0.25,0.4
0,84.0,170,5,0.0,0.909090909091,0.5,0.25,0.4
1,84.0,170,5,0.0,0.909090909091,0.5,0.25,0.4
2,84.0,170,5,0.0,0.909090909091,0.5,0.25,0.4
3,84.0,170,5,1.0,0.909090909091,0.5,0.25,0.4
4,84.0,170,5,1.0,0.909090909091,0.5,0.25,0.4
0,84.0,177,5,0.0,0.833333333333,0.5,0.25,0.2
0,84.0,183,5,0.0,0.833333333333,0.5,0.25,0.2
1,84.0,183,5,0.0,0.833333333333,0.5,0.25,0.2
0,84.0,199,5,0.0,0.833333333333,0.5,0.25,0.2
1,84.0,199,5,0.0,0.833333333333,0.5,0.25,0.2
0,84.0,200,5,0.0,0.909090909091,0.5,0.25,0.3
1,84.0,200,5,0.0,0.909090909091,0.5,0.25,0.3
0,84.0,202,5,0.0,0.909090909091,0.5,0.25,0.3
0,84.0,210,5,0.0,0.909090909091,0.5,0.25,0.3
0,84.0,213,5,0.0,0.909090909091,0.5,0.25,0.3
0,84.0,267,5,0.0,0.916666666667,0.5,0.25,0.3
1,84.0,267,5,1.0,0.916666666667,0.5,0.25,0.3
0,84.0,342,5,0.0,0.916666666667,0.5,0.25,0.3
0,84.0,362,5,0.0,0.928571428571,0.5,0.25,0.4
1,84.0,362,5,0.0,0.928571428571,0.5,0.25,0.4
2,84.0,362,5,1.0,0.928571428571,0.5,0.25,0.4
0,84.0,379,5,0.0,0.928571428571,0.5,0.25,0.4
0,84.0,443,5,0.0,0.933333333333,0.5,0.25,0.4
1,84.0,443,5,0.0,0.933333333333,0.5,0.25,0.4
2,84.0,443,5,1.0,0.933333333333,0.5,0.25,0.4
0,84.0,609,5,0.0,0.933333333333,0.5,0.25,0.4
0,84.0,711,5,0.0,0.933333333333,0.5,0.25,0.3
1,84.0,711,5,0.0,0.933333333333,0.5,0.25,0.3
2,84.0,711,5,0.0,0.933333333333,0.5,0.25,0.3
3,84.0,711,5,1.0,0.933333333333,0.5,0.25,0.3
0,84.0,739,5,0.0,0.933333333333,0.5,0.25,0.3
0,84.0,797,5,0.0,0.933333333333,0.5,0.25,0.3
0,84.0,800,5,0.0,0.875,0.5,0.25,0.2
0,84.0,809,5,0.0,0.875,0.5,0.25,0.2
0,84.0,811,5,0.0,0.941176470588,0.5,0.25,0.4
0,84.0,842,5,0.0,0.941176470588,0.5,0.25,0.4
0,84.0,891,5,0.0,0.941176470588,0.5,0.25,0.4
1,84.0,891,5,0.0,0.941176470588,0.5,0.25,0.4
0,84.0,912,5,0.0,0.941176470588,0.5,0.25,0.4
0,84.0,1046,5,0.0,0.941176470588,0.5,0.25,0.4
0,84.0,1069,5,0.0,0.941176470588,0.5,0.25,0.4
0,84.0,1084,5,0.0,0.9375,0.5,0.25,0.3
1,84.0,1084,5,0.0,0.9375,0.5,0.25,0.3
2,84.0,1084,5,1.0,0.9375,0.5,0.25,0.3
0,84.0,1122,5,0.0,0.9375,0.5,0.25,0.3
0,84.0,1128,5,0.0,0.9375,0.5,0.25,0.3
0,84.0,1184,5,0.0,0.9375,0.5,0.25,0.3
0,84.0,1190,5,0.0,0.9375,0.454545454545,0.206611570248,0.272727272727
0,84.0,1191,5,0.0,0.857142857143,0.454545454545,0.206611570248,0.0
1,84.0,1191,5,0.0,0.857142857143,0.454545454545,0.206611570248,0.0
2,84.0,1191,5,1.0,0.857142857143,0.454545454545,0.206611570248,0.0
0,84.0,1198,5,0.0,0.857142857143,0.454545454545,0.206611570248,0.0
0,84.0,1249,5,0.0,0.857142857143,0.454545454545,0.206611570248,0.0
0,84.0,1256,5,0.0,0.857142857143,0.454545454545,0.206611570248,0.0
0,84.0,1300,5,0.0,0.857142857143,0.454545454545,0.206611570248,0.0
1,84.0,1300,5,0.0,0.857142857143,0.454545454545,0.206611570248,0.0
0,84.0,1303,5,0.0,0.857142857143,0.454545454545,0.206611570248,0.0
0,84.0,1423,5,0.0,0.857142857143,0.416666666667,0.173611111111,0.0
1,84.0,1423,5,0.0,0.857142857143,0.416666666667,0.173611111111,0.0
0,84.0,1424,5,0.0,0.952380952381,0.416666666667,0.173611111111,0.333333333333
0,84.0,1425,5,0.0,0.0,0.416666666667,0.173611111111,-0.416666666667
1,84.0,1425,5,0.0,0.0,0.416666666667,0.173611111111,-0.416666666667
0,84.0,1443,5,0.0,0.0,0.416666666667,0.173611111111,-0.416666666667
0,84.0,1450,5,0.0,0.0,0.416666666667,0.173611111111,-0.416666666667
0,84.0,1453,5,0.0,0.0,0.416666666667,0.173611111111,-0.416666666667
0,84.0,1455,5,0.0,0.0,0.416666666667,0.173611111111,-0.416666666667
0,108.0,50,5,1.0,0.0,1.0,1.0,0.0
0,108.0,51,5,0.0,0.0,1.0,1.0,0.0
1,108.0,51,5,0.0,0.0,1.0,1.0,0.0
2,108.0,51,5,0.0,0.0,1.0,1.0,0.0
0,108.0,65,5,0.0,0.0,1.0,1.0,0.0
0,108.0,307,5,0.0,0.0,1.0,1.0,0.0
0,108.0,324,5,0.0,0.0,0.833333333333,0.694444444444,0.0
1,108.0,324,5,0.0,0.0,0.833333333333,0.694444444444,0.0
0,108.0,325,5,0.0,0.0,0.833333333333,0.694444444444,0.0
0,108.0,445,5,0.0,0.666666666667,0.833333333333,0.694444444444,0.5
1,108.0,445,5,0.0,0.666666666667,0.833333333333,0.694444444444,0.5
0,108.0,449,5,0.0,0.666666666667,0.833333333333,0.694444444444,0.333333333333
0,108.0,680,5,0.0,0.666666666667,0.833333333333,0.694444444444,0.333333333333
0,108.0,707,5,0.0,0.666666666667,0.833333333333,0.694444444444,0.333333333333
0,108.0,711,5,0.0,0.666666666667,0.833333333333,0.694444444444,0.333333333333
0,108.0,735,5,0.0,0.666666666667,0.833333333333,0.694444444444,0.333333333333
0,108.0,752,5,0.0,0.666666666667,0.833333333333,0.694444444444,0.333333333333
0,108.0,812,5,0.0,0.666666666667,0.833333333333,0.694444444444,0.333333333333
0,108.0,861,5,0.0,0.666666666667,0.833333333333,0.694444444444,0.333333333333
0,108.0,871,5,0.0,0.666666666667,0.714285714286,0.510204081633,0.285714285714
0,108.0,872,5,0.0,0.25,0.714285714286,0.510204081633,0.0
1,108.0,872,5,0.0,0.25,0.714285714286,0.510204081633,0.0
0,108.0,1021,5,0.0,0.25,0.714285714286,0.510204081633,0.0
0,108.0,1044,5,0.0,0.25,0.714285714286,0.510204081633,0.0
1,108.0,1044,5,0.0,0.25,0.714285714286,0.510204081633,0.0
2,108.0,1044,5,0.0,0.25,0.714285714286,0.510204081633,0.0
0,108.0,1115,5,0.0,0.25,0.625,0.390625,0.0
0,108.0,1116,5,0.0,0.25,0.625,0.390625,0.0
1,108.0,1116,5,0.0,0.25,0.625,0.390625,0.0
0,108.0,1212,5,0.0,0.25,0.625,0.390625,0.0
0,108.0,1218,5,0.0,0.25,0.625,0.390625,0.0
0,108.0,1257,5,0.0,0.25,0.625,0.390625,0.0
0,108.0,1413,5,0.0,0.25,0.625,0.390625,0.0
0,113.0,20,5,0.0,0.0,1.0,1.0,0.0
1,113.0,20,5,0.0,0.0,1.0,1.0,0.0
2,113.0,20,5,0.0,0.0,1.0,1.0,0.0
0,113.0,21,5,0.0,0.0,1.0,1.0,0.0
0,113.0,49,5,0.0,0.0,1.0,1.0,0.0
0,113.0,54,5,0.0,0.0,1.0,1.0,0.0
0,113.0,109,5,0.0,0.0,1.0,1.0,0.0
0,113.0,169,5,1.0,0.0,0.833333333333,0.694444444444,0.0
0,113.0,171,5,0.0,0.0,0.833333333333,0.694444444444,0.0
0,113.0,172,5,0.0,0.0,0.833333333333,0.694444444444,0.0
0,113.0,182,5,0.0,0.0,0.833333333333,0.694444444444,0.0
0,113.0,213,5,0.0,0.0,0.833333333333,0.694444444444,0.0
0,113.0,1102,5,0.0,0.0,0.833333333333,0.694444444444,0.0
0,172.0,1468,5,0.0,0.75,1.0,1.0,0.6
0,172.0,1469,5,0.0,0.75,1.0,1.0,0.6
1,172.0,1469,5,0.0,0.75,1.0,1.0,0.6
2,172.0,1469,5,0.0,0.75,1.0,1.0,0.6
0,172.0,1470,5,0.0,0.75,1.0,1.0,0.6
0,172.0,1471,5,0.0,0.75,1.0,1.0,0.6
0,207.0,322,5,0.0,0.0,1.0,1.0,0.0
1,207.0,322,5,1.0,0.0,1.0,1.0,0.0
0,207.0,323,5,0.0,0.0,1.0,1.0,0.0
1,207.0,323,5,0.0,0.0,1.0,1.0,0.0
2,207.0,323,5,0.0,0.0,1.0,1.0,0.0
3,207.0,323,5,0.0,0.0,1.0,1.0,0.0
0,207.0,324,5,0.0,0.0,0.833333333333,0.694444444444,0.0
0,207.0,325,5,0.0,0.0,0.833333333333,0.694444444444,0.0
0,207.0,336,5,0.0,0.0,0.833333333333,0.694444444444,0.0
0,207.0,337,5,0.0,0.0,0.714285714286,0.510204081633,0.0
0,207.0,338,5,0.0,0.8,0.714285714286,0.510204081633,0.428571428571
1,207.0,338,5,0.0,0.8,0.714285714286,0.510204081633,0.428571428571
0,207.0,346,5,0.0,0.8,0.714285714286,0.510204081633,0.428571428571
0,207.0,361,5,0.0,0.8,0.714285714286,0.510204081633,0.428571428571
1,207.0,361,5,0.0,0.8,0.714285714286,0.510204081633,0.428571428571
0,207.0,491,5,0.0,0.5,0.714285714286,0.510204081633,0.0
1,207.0,491,5,0.0,0.5,0.714285714286,0.510204081633,0.0
2,207.0,491,5,0.0,0.5,0.714285714286,0.510204081633,0.0
0,207.0,492,5,0.0,0.5,0.714285714286,0.510204081633,0.0
0,207.0,639,5,0.0,0.5,0.714285714286,0.510204081633,0.0
0,207.0,710,5,0.0,0.5,0.714285714286,0.510204081633,0.0
1,207.0,710,5,0.0,0.5,0.714285714286,0.510204081633,0.0
0,207.0,770,5,0.0,0.0,0.714285714286,0.510204081633,-0.142857142857
0,207.0,771,5,0.0,0.0,0.625,0.390625,-0.125
0,207.0,772,5,0.0,0.5,0.625,0.390625,0.25
1,207.0,772,5,0.0,0.5,0.625,0.390625,0.25
0,207.0,780,5,0.0,0.5,0.625,0.390625,0.25
0,207.0,781,5,0.0,0.5,0.625,0.390625,0.125
0,207.0,1083,5,0.0,0.5,0.625,0.390625,0.125
0,207.0,1127,5,0.0,0.5,0.625,0.390625,0.125
1,207.0,1127,5,0.0,0.5,0.625,0.390625,0.125
0,207.0,1189,5,0.0,0.5,0.625,0.390625,0.125
0,207.0,1191,5,0.0,0.5,0.555555555556,0.308641975309,0.111111111111
0,207.0,1197,5,0.0,0.5,0.555555555556,0.308641975309,0.111111111111
0,207.0,1278,5,0.0,0.5,0.555555555556,0.308641975309,0.111111111111
0,207.0,1341,5,0.0,0.5,0.555555555556,0.308641975309,0.0
0,207.0,1405,5,0.0,0.5,0.555555555556,0.308641975309,0.0
0,324.0,1246,5,0.0,0.0,0.833333333333,0.694444444444,0.0
1,324.0,1246,5,1.0,0.0,0.833333333333,0.694444444444,0.0
0,352.0,721,5,1.0,0.0,1.0,1.0,0.0
0,432.0,444,5,0.0,0.0,1.0,1.0,0.0
1,432.0,444,5,0.0,0.0,1.0,1.0,0.0
0,432.0,446,5,0.0,0.0,1.0,1.0,0.0
0,441.0,1,5,0.0,0.0,1.0,1.0,0.0
1,441.0,1,5,0.0,0.0,1.0,1.0,0.0
2,441.0,1,5,0.0,0.0,1.0,1.0,0.0
3,441.0,1,5,0.0,0.0,1.0,1.0,0.0
4,441.0,1,5,0.0,0.0,1.0,1.0,0.0
5,441.0,1,5,0.0,0.0,1.0,1.0,0.0
6,441.0,1,5,0.0,0.0,1.0,1.0,0.0
7,441.0,1,5,0.0,0.0,1.0,1.0,0.0
8,441.0,1,5,0.0,0.0,1.0,1.0,0.0
9,441.0,1,5,0.0,0.0,1.0,1.0,0.0
10,441.0,1,5,0.0,0.0,1.0,1.0,0.0
11,441.0,1,5,0.0,0.0,1.0,1.0,0.0
12,441.0,1,5,0.0,0.0,1.0,1.0,0.0
13,441.0,1,5,0.0,0.0,1.0,1.0,0.0
14,441.0,1,5,1.0,0.0,1.0,1.0,0.0
15,441.0,1,5,1.0,0.0,1.0,1.0,0.0
0,441.0,2,5,0.0,0.0,1.0,1.0,0.0
1,441.0,2,5,0.0,0.0,1.0,1.0,0.0
2,441.0,2,5,0.0,0.0,1.0,1.0,0.0
3,441.0,2,5,0.0,0.0,1.0,1.0,0.0
0,441.0,4,5,0.0,0.0,1.0,1.0,0.0
0,441.0,10,5,0.0,0.0,1.0,1.0,0.0
0,441.0,47,5,0.0,0.0,1.0,1.0,0.0
0,441.0,54,5,0.0,0.0,1.0,1.0,0.0
0,441.0,101,5,0.0,0.0,1.0,1.0,0.0
1,441.0,101,5,0.0,0.0,1.0,1.0,0.0
0,441.0,106,5,0.0,0.0,1.0,1.0,0.0
0,441.0,122,5,0.0,0.0,1.0,1.0,0.0
0,441.0,164,5,0.0,0.0,1.0,1.0,0.0
0,441.0,447,5,0.0,0.0,0.833333333333,0.694444444444,0.0
0,441.0,448,5,0.0,0.0,0.714285714286,0.510204081633,0.0
0,441.0,449,5,0.0,0.666666666667,0.714285714286,0.510204081633,0.285714285714
1,441.0,449,5,0.0,0.666666666667,0.714285714286,0.510204081633,0.285714285714
0,441.0,450,5,0.0,0.666666666667,0.714285714286,0.510204081633,0.285714285714
0,441.0,459,5,0.0,0.666666666667,0.714285714286,0.510204081633,0.285714285714
0,441.0,619,5,0.0,0.666666666667,0.714285714286,0.510204081633,0.285714285714
0,441.0,728,5,0.0,0.666666666667,0.625,0.390625,0.25
0,441.0,729,5,0.0,0.666666666667,0.625,0.390625,0.25
0,441.0,734,5,0.0,0.666666666667,0.625,0.390625,0.25
1,441.0,734,5,0.0,0.666666666667,0.625,0.390625,0.25
0,441.0,764,5,0.0,0.666666666667,0.625,0.390625,0.25
0,441.0,1321,5,0.0,0.666666666667,0.625,0.390625,0.25
0,441.0,1455,5,0.0,0.666666666667,0.625,0.390625,0.25
0,480.0,1041,5,0.0,0.0,1.0,1.0,0.0
0,480.0,1092,5,0.0,0.0,0.833333333333,0.694444444444,0.0
0,521.0,1,5,0.0,0.0,1.0,1.0,0.0
1,521.0,1,5,0.0,0.0,1.0,1.0,0.0
2,521.0,1,5,0.0,0.0,1.0,1.0,0.0
3,521.0,1,5,0.0,0.0,1.0,1.0,0.0
4,521.0,1,5,0.0,0.0,1.0,1.0,0.0
5,521.0,1,5,0.0,0.0,1.0,1.0,0.0
6,521.0,1,5,0.0,0.0,1.0,1.0,0.0
7,521.0,1,5,0.0,0.0,1.0,1.0,0.0
0,521.0,2,5,0.0,0.0,1.0,1.0,0.0
1,521.0,2,5,0.0,0.0,1.0,1.0,0.0
0,521.0,3,5,0.0,0.0,1.0,1.0,0.0
0,521.0,4,5,0.0,0.0,1.0,1.0,0.0
0,521.0,6,5,0.0,0.0,1.0,1.0,0.0
1,521.0,6,5,0.0,0.0,1.0,1.0,0.0
0,521.0,8,5,0.0,0.0,1.0,1.0,0.0
0,521.0,23,5,0.0,0.0,1.0,1.0,0.0
0,521.0,42,5,0.0,0.0,1.0,1.0,0.0
0,521.0,43,5,0.0,0.0,1.0,1.0,0.0
1,521.0,43,5,0.0,0.0,1.0,1.0,0.0
0,521.0,80,5,0.0,0.0,1.0,1.0,0.0
0,521.0,199,5,0.0,0.0,1.0,1.0,0.0
0,521.0,211,5,0.0,0.0,1.0,1.0,0.0
0,521.0,657,5,0.0,0.0,1.0,1.0,0.0
0,521.0,728,5,0.0,0.0,1.0,1.0,0.0
0,523.0,0,5,0.0,0.0,0.714285714286,0.510204081633,0.0
1,523.0,0,5,0.0,0.0,0.714285714286,0.510204081633,0.0
2,523.0,0,5,0.0,0.0,0.714285714286,0.510204081633,0.0
3,523.0,0,5,0.0,0.0,0.714285714286,0.510204081633,0.0
4,523.0,0,5,0.0,0.0,0.714285714286,0.510204081633,0.0
5,523.0,0,5,0.0,0.0,0.714285714286,0.510204081633,0.0
6,523.0,0,5,0.0,0.0,0.714285714286,0.510204081633,0.0
7,523.0,0,5,0.0,0.0,0.714285714286,0.510204081633,0.0
8,523.0,0,5,0.0,0.0,0.714285714286,0.510204081633,0.0
9,523.0,0,5,0.0,0.0,0.714285714286,0.510204081633,0.0
10,523.0,0,5,0.0,0.0,0.714285714286,0.510204081633,0.0
11,523.0,0,5,0.0,0.0,0.714285714286,0.510204081633,0.0
12,523.0,0,5,0.0,0.0,0.714285714286,0.510204081633,0.0
13,523.0,0,5,0.0,0.0,0.714285714286,0.510204081633,0.0
14,523.0,0,5,0.0,0.0,0.714285714286,0.510204081633,0.0
15,523.0,0,5,0.0,0.0,0.714285714286,0.510204081633,0.0
16,523.0,0,5,0.0,0.0,0.714285714286,0.510204081633,0.0
17,523.0,0,5,0.0,0.0,0.714285714286,0.510204081633,0.0
18,523.0,0,5,0.0,0.0,0.714285714286,0.510204081633,0.0
19,523.0,0,5,0.0,0.0,0.714285714286,0.510204081633,0.0
20,523.0,0,5,1.0,0.0,0.714285714286,0.510204081633,0.0
0,523.0,1,5,0.0,0.0,0.625,0.390625,0.0
1,523.0,1,5,0.0,0.0,0.625,0.390625,0.0
2,523.0,1,5,0.0,0.0,0.625,0.390625,0.0
3,523.0,1,5,0.0,0.0,0.625,0.390625,0.0
4,523.0,1,5,0.0,0.0,0.625,0.390625,0.0
5,523.0,1,5,0.0,0.0,0.625,0.390625,0.0
6,523.0,1,5,0.0,0.0,0.625,0.390625,0.0
7,523.0,1,5,0.0,0.0,0.625,0.390625,0.0
8,523.0,1,5,0.0,0.0,0.625,0.390625,0.0
9,523.0,1,5,0.0,0.0,0.625,0.390625,0.0
10,523.0,1,5,0.0,0.0,0.625,0.390625,0.0
11,523.0,1,5,0.0,0.0,0.625,0.390625,0.0
12,523.0,1,5,0.0,0.0,0.625,0.390625,0.0
13,523.0,1,5,0.0,0.0,0.625,0.390625,0.0
14,523.0,1,5,0.0,0.0,0.625,0.390625,0.0
15,523.0,1,5,0.0,0.0,0.625,0.390625,0.0
16,523.0,1,5,0.0,0.0,0.625,0.390625,0.0
17,523.0,1,5,0.0,0.0,0.625,0.390625,0.0
18,523.0,1,5,0.0,0.0,0.625,0.390625,0.0
19,523.0,1,5,1.0,0.0,0.625,0.390625,0.0
0,523.0,2,5,0.0,0.5,0.625,0.390625,0.0
1,523.0,2,5,0.0,0.5,0.625,0.390625,0.0
2,523.0,2,5,0.0,0.5,0.625,0.390625,0.0
3,523.0,2,5,0.0,0.5,0.625,0.390625,0.0
4,523.0,2,5,0.0,0.5,0.625,0.390625,0.0
5,523.0,2,5,0.0,0.5,0.625,0.390625,0.0
6,523.0,2,5,1.0,0.5,0.625,0.390625,0.0
0,523.0,3,5,0.0,0.666666666667,0.555555555556,0.308641975309,0.0
1,523.0,3,5,0.0,0.666666666667,0.555555555556,0.308641975309,0.0
2,523.0,3,5,1.0,0.666666666667,0.555555555556,0.308641975309,0.0
0,523.0,4,5,1.0,0.0,0.555555555556,0.308641975309,-0.333333333333
0,523.0,5,5,0.0,0.0,0.555555555556,0.308641975309,-0.333333333333
0,523.0,17,5,1.0,0.5,0.555555555556,0.308641975309,-0.222222222222
0,523.0,18,5,0.0,0.5,0.555555555556,0.308641975309,-0.222222222222
0,523.0,34,5,0.0,0.5,0.555555555556,0.308641975309,-0.222222222222
0,523.0,42,5,0.0,0.5,0.555555555556,0.308641975309,-0.222222222222
0,523.0,66,5,0.0,0.5,0.555555555556,0.308641975309,-0.222222222222
0,523.0,109,5,0.0,0.5,0.555555555556,0.308641975309,-0.222222222222
0,523.0,151,5,0.0,0.5,0.555555555556,0.308641975309,-0.222222222222
0,523.0,175,5,0.0,0.5,0.555555555556,0.308641975309,-0.222222222222
0,523.0,252,5,0.0,0.5,0.555555555556,0.308641975309,-0.222222222222
0,523.0,255,5,0.0,0.5,0.555555555556,0.308641975309,-0.222222222222
0,523.0,257,5,0.0,0.5,0.5,0.25,-0.2
0,523.0,258,5,0.0,0.833333333333,0.5,0.25,0.2
0,523.0,259,5,0.0,0.833333333333,0.5,0.25,0.2
0,523.0,435,5,0.0,0.75,0.5,0.25,-0.1
1,523.0,435,5,0.0,0.75,0.5,0.25,-0.1
2,523.0,435,5,0.0,0.75,0.5,0.25,-0.1
3,523.0,435,5,0.0,0.75,0.5,0.25,-0.1
4,523.0,435,5,1.0,0.75,0.5,0.25,-0.1
0,523.0,483,5,0.0,0.75,0.5,0.25,-0.1
0,523.0,548,5,0.0,0.75,0.5,0.25,-0.1
0,523.0,731,5,0.0,0.75,0.5,0.25,-0.1
0,523.0,1094,5,0.0,0.8,0.5,0.25,0.0
1,523.0,1094,5,0.0,0.8,0.5,0.25,0.0
0,523.0,1248,5,0.0,0.8,0.5,0.25,0.0
0,523.0,1305,5,0.0,0.8,0.5,0.25,0.0
0,523.0,1338,5,0.0,0.8,0.5,0.25,0.0
0,523.0,1405,5,0.0,0.8,0.5,0.25,0.0
0,523.0,1437,5,0.0,0.8,0.5,0.25,0.0
0,523.0,1445,5,0.0,0.8,0.5,0.25,0.0
0,536.0,1426,5,0.0,0.0,1.0,1.0,0.0
0,559.0,33,5,0.0,0.0,1.0,1.0,0.0
0,559.0,34,5,0.0,0.0,1.0,1.0,0.0
1,559.0,34,5,0.0,0.0,1.0,1.0,0.0
2,559.0,34,5,0.0,0.0,1.0,1.0,0.0
0,559.0,105,5,0.0,0.0,1.0,1.0,0.0
0,559.0,108,5,0.0,0.0,1.0,1.0,0.0
0,559.0,176,5,0.0,0.0,1.0,1.0,0.0
1,559.0,176,5,0.0,0.0,1.0,1.0,0.0
2,559.0,176,5,0.0,0.0,1.0,1.0,0.0
0,559.0,411,5,0.0,0.0,1.0,1.0,0.0
0,559.0,800,5,0.0,0.0,1.0,1.0,0.0
0,559.0,848,5,0.0,0.0,1.0,1.0,0.0
0,559.0,863,5,0.0,0.0,1.0,1.0,0.0
0,579.0,5,5,0.0,0.0,1.0,1.0,0.0
0,579.0,6,5,0.0,0.0,1.0,1.0,0.0
0,579.0,7,5,0.0,0.0,1.0,1.0,0.0
0,579.0,22,5,0.0,0.0,1.0,1.0,0.0
0,579.0,40,5,0.0,0.0,1.0,1.0,0.0
0,579.0,41,5,0.0,0.0,1.0,1.0,0.0
0,579.0,67,5,0.0,0.0,1.0,1.0,0.0
0,579.0,104,5,0.0,0.0,1.0,1.0,0.0
0,579.0,111,5,0.0,0.0,1.0,1.0,0.0
0,579.0,172,5,0.0,0.0,1.0,1.0,0.0
0,646.0,1,5,0.0,0.0,1.0,1.0,0.0
1,646.0,1,5,0.0,0.0,1.0,1.0,0.0
2,646.0,1,5,0.0,0.0,1.0,1.0,0.0
3,646.0,1,5,0.0,0.0,1.0,1.0,0.0
0,646.0,2,5,0.0,0.0,1.0,1.0,0.0
1,646.0,2,5,0.0,0.0,1.0,1.0,0.0
0,646.0,3,5,0.0,0.0,1.0,1.0,0.0
0,646.0,307,5,0.0,0.0,1.0,1.0,0.0
0,722.0,1196,5,1.0,0.0,1.0,1.0,0.0
0,722.0,1197,5,0.0,0.5,1.0,1.0,0.4
0,722.0,1198,5,0.0,0.5,1.0,1.0,0.2
0,722.0,1242,5,0.0,0.5,1.0,1.0,0.0
0,722.0,1318,5,0.0,0.5,0.833333333333,0.694444444444,0.0
0,798.0,3,5,0.0,0.0,1.0,1.0,0.0
0,798.0,4,5,0.0,0.0,1.0,1.0,0.0
1,798.0,4,5,0.0,0.0,1.0,1.0,0.0
0,798.0,29,5,0.0,0.0,1.0,1.0,0.0
0,798.0,92,5,0.0,0.0,1.0,1.0,0.0
0,798.0,141,5,0.0,0.0,1.0,1.0,0.0
0,798.0,349,5,0.0,0.0,1.0,1.0,0.0
0,798.0,418,5,0.0,0.0,1.0,1.0,0.0
0,798.0,714,5,0.0,0.0,1.0,1.0,0.0
0,857.0,3,5,0.0,0.0,1.0,1.0,0.0
1,857.0,3,5,0.0,0.0,1.0,1.0,0.0
2,857.0,3,5,0.0,0.0,1.0,1.0,0.0
3,857.0,3,5,0.0,0.0,1.0,1.0,0.0
4,857.0,3,5,0.0,0.0,1.0,1.0,0.0
5,857.0,3,5,1.0,0.0,1.0,1.0,0.0
6,857.0,3,5,1.0,0.0,1.0,1.0,0.0
0,857.0,4,5,0.0,0.0,1.0,1.0,0.0
1,857.0,4,5,0.0,0.0,1.0,1.0,0.0
2,857.0,4,5,0.0,0.0,1.0,1.0,0.0
3,857.0,4,5,1.0,0.0,1.0,1.0,0.0
0,857.0,5,5,0.0,0.0,1.0,1.0,0.0
0,857.0,6,5,0.0,0.0,1.0,1.0,0.0
0,857.0,9,5,0.0,0.0,1.0,1.0,0.0
0,913.0,1,5,0.0,0.0,1.0,1.0,0.0
1,913.0,1,5,0.0,0.0,1.0,1.0,0.0
2,913.0,1,5,0.0,0.0,1.0,1.0,0.0
3,913.0,1,5,0.0,0.0,1.0,1.0,0.0
4,913.0,1,5,0.0,0.0,1.0,1.0,0.0
5,913.0,1,5,0.0,0.0,1.0,1.0,0.0
6,913.0,1,5,0.0,0.0,1.0,1.0,0.0
7,913.0,1,5,0.0,0.0,1.0,1.0,0.0
8,913.0,1,5,1.0,0.0,1.0,1.0,0.0
9,913.0,1,5,1.0,0.0,1.0,1.0,0.0
10,913.0,1,5,1.0,0.0,1.0,1.0,0.0
0,913.0,2,5,0.0,0.0,1.0,1.0,0.0
1,913.0,2,5,0.0,0.0,1.0,1.0,0.0
2,913.0,2,5,0.0,0.0,1.0,1.0,0.0
0,913.0,31,5,0.0,0.0,1.0,1.0,0.0
0,913.0,55,5,0.0,0.0,0.833333333333,0.694444444444,0.0
0,913.0,56,5,0.0,0.0,0.833333333333,0.694444444444,0.0
0,913.0,57,5,0.0,0.0,0.833333333333,0.694444444444,0.0
0,913.0,135,5,0.0,0.0,0.833333333333,0.694444444444,0.0
0,913.0,141,5,0.0,0.0,0.833333333333,0.694444444444,0.0
0,913.0,153,5,0.0,0.0,0.833333333333,0.694444444444,0.0
0,913.0,333,5,0.0,0.0,0.833333333333,0.694444444444,-0.166666666667
0,913.0,777,5,0.0,0.0,0.833333333333,0.694444444444,-0.166666666667
0,913.0,837,5,0.0,0.0,0.833333333333,0.694444444444,0.0
0,913.0,920,5,0.0,0.0,0.833333333333,0.694444444444,0.0
0,913.0,1087,5,1.0,0.0,0.714285714286,0.510204081633,0.0
0,913.0,1093,5,0.0,0.0,0.714285714286,0.510204081633,0.0
0,913.0,1098,5,0.0,0.0,0.714285714286,0.510204081633,0.0
0,913.0,1225,5,1.0,0.0,0.625,0.390625,0.0
0,913.0,1226,5,0.0,0.0,0.625,0.390625,0.0
0,913.0,1269,5,0.0,0.0,0.625,0.390625,0.0
0,913.0,1280,5,0.0,0.0,0.625,0.390625,0.0
0,913.0,1305,5,0.0,0.0,0.625,0.390625,0.0
0,913.0,1353,5,0.0,0.0,0.625,0.390625,0.0
0,1071.0,1168,5,1.0,0.0,1.0,1.0,0.0
0,1071.0,1169,5,0.0,0.0,1.0,1.0,0.0
0,1071.0,1180,5,0.0,0.0,1.0,1.0,0.0
1,1071.0,1180,5,0.0,0.0,1.0,1.0,0.0
0,1071.0,1197,5,0.0,0.0,0.833333333333,0.694444444444,0.0
0,1071.0,1198,5,0.0,0.0,0.833333333333,0.694444444444,0.0
1,1071.0,1198,5,0.0,0.0,0.833333333333,0.694444444444,0.0
2,1071.0,1198,5,0.0,0.0,0.833333333333,0.694444444444,0.0
0,1071.0,1202,5,0.0,0.0,0.714285714286,0.510204081633,0.0
0,1071.0,1203,5,0.0,0.0,0.714285714286,0.510204081633,0.0
0,1071.0,1205,5,0.0,0.0,0.714285714286,0.510204081633,0.0
0,1071.0,1212,5,0.0,0.0,0.714285714286,0.510204081633,-0.142857142857
0,1099.0,777,5,0.0,0.0,1.0,1.0,0.0
1,1099.0,777,5,0.0,0.0,1.0,1.0,0.0
2,1099.0,777,5,0.0,0.0,1.0,1.0,0.0
0,1099.0,937,5,0.0,0.0,1.0,1.0,0.0
0,1099.0,939,5,0.0,0.0,1.0,1.0,0.0
1,1099.0,939,5,0.0,0.0,1.0,1.0,0.0
0,1099.0,941,5,0.0,0.0,1.0,1.0,0.0
0,1099.0,1009,5,0.0,0.0,0.833333333333,0.694444444444,0.0
0,1273.0,1,5,0.0,0.0,1.0,1.0,0.0
1,1273.0,1,5,0.0,0.0,1.0,1.0,0.0
2,1273.0,1,5,0.0,0.0,1.0,1.0,0.0
3,1273.0,1,5,0.0,0.0,1.0,1.0,0.0
4,1273.0,1,5,0.0,0.0,1.0,1.0,0.0
5,1273.0,1,5,1.0,0.0,1.0,1.0,0.0
0,1273.0,2,5,0.0,0.0,1.0,1.0,0.0
0,1273.0,200,5,0.0,0.0,1.0,1.0,0.0
0,1273.0,364,5,0.0,0.0,1.0,1.0,0.0
0,1273.0,442,5,0.0,0.0,1.0,1.0,0.0
0,1273.0,571,5,0.0,0.0,1.0,1.0,0.0
0,1273.0,680,5,0.0,0.0,1.0,1.0,0.0
0,1273.0,683,5,0.0,0.0,1.0,1.0,0.0
1,1273.0,683,5,0.0,0.0,1.0,1.0,0.0
0,1273.0,988,5,0.0,0.0,1.0,1.0,0.0
0,1273.0,1290,5,0.0,0.0,0.714285714286,0.510204081633,0.0
1,1273.0,1290,5,0.0,0.0,0.714285714286,0.510204081633,0.0
0,1273.0,1291,5,0.0,0.0,0.714285714286,0.510204081633,0.0
1,1273.0,1291,5,0.0,0.0,0.714285714286,0.510204081633,0.0
2,1273.0,1291,5,0.0,0.0,0.714285714286,0.510204081633,0.0
3,1273.0,1291,5,0.0,0.0,0.714285714286,0.510204081633,0.0
0,1273.0,1316,5,0.0,0.0,0.714285714286,0.510204081633,0.0
1,1273.0,1316,5,0.0,0.0,0.714285714286,0.510204081633,0.0
0,1273.0,1350,5,0.0,0.0,0.714285714286,0.510204081633,0.0
0,1273.0,1390,5,0.0,0.0,0.714285714286,0.510204081633,0.0
0,1273.0,1393,5,0.0,0.0,0.714285714286,0.510204081633,0.0
0,1301.0,324,5,1.0,0.0,1.0,1.0,0.0
0,1301.0,328,5,0.0,0.0,1.0,1.0,0.0
0,1301.0,472,5,0.0,0.0,1.0,1.0,0.0
0,1301.0,914,5,0.0,0.0,1.0,1.0,0.0
0,1301.0,1225,5,0.0,0.0,1.0,1.0,0.0
0,1323.0,1,5,0.0,0.0,0.833333333333,0.694444444444,0.0
1,1323.0,1,5,0.0,0.0,0.833333333333,0.694444444444,0.0
2,1323.0,1,5,0.0,0.0,0.833333333333,0.694444444444,0.0
3,1323.0,1,5,0.0,0.0,0.833333333333,0.694444444444,0.0
4,1323.0,1,5,0.0,0.0,0.833333333333,0.694444444444,0.0
5,1323.0,1,5,0.0,0.0,0.833333333333,0.694444444444,0.0
6,1323.0,1,5,0.0,0.0,0.833333333333,0.694444444444,0.0
7,1323.0,1,5,0.0,0.0,0.833333333333,0.694444444444,0.0
8,1323.0,1,5,1.0,0.0,0.833333333333,0.694444444444,0.0
0,1323.0,2,5,0.0,0.5,0.833333333333,0.694444444444,0.333333333333
1,1323.0,2,5,0.0,0.5,0.833333333333,0.694444444444,0.333333333333
2,1323.0,2,5,0.0,0.5,0.833333333333,0.694444444444,0.333333333333
3,1323.0,2,5,0.0,0.5,0.833333333333,0.694444444444,0.333333333333
4,1323.0,2,5,1.0,0.5,0.833333333333,0.694444444444,0.333333333333
0,1323.0,3,5,0.0,0.5,0.833333333333,0.694444444444,0.333333333333
1,1323.0,3,5,0.0,0.5,0.833333333333,0.694444444444,0.333333333333
2,1323.0,3,5,0.0,0.5,0.833333333333,0.694444444444,0.333333333333
0,1323.0,4,5,0.0,0.0,0.833333333333,0.694444444444,-0.166666666667
1,1323.0,4,5,1.0,0.0,0.833333333333,0.694444444444,-0.166666666667
0,1323.0,99,5,0.0,0.0,0.833333333333,0.694444444444,-0.166666666667
0,1323.0,110,5,0.0,0.0,0.833333333333,0.694444444444,-0.166666666667
0,1323.0,812,5,0.0,0.0,0.714285714286,0.510204081633,-0.142857142857
0,1323.0,813,5,0.0,0.857142857143,0.714285714286,0.510204081633,0.571428571429
0,1323.0,1112,5,0.0,0.857142857143,0.625,0.390625,0.5
0,1359.0,609,5,0.0,0.0,1.0,1.0,0.0
0,1359.0,610,5,0.0,0.0,1.0,1.0,0.0
0,1395.0,784,5,0.0,0.666666666667,1.0,1.0,0.4
1,1395.0,784,5,0.0,0.666666666667,1.0,1.0,0.4
0,1395.0,785,5,0.0,0.666666666667,1.0,1.0,0.4
0,1395.0,786,5,0.0,0.666666666667,1.0,1.0,0.2
0,1395.0,788,5,0.0,0.666666666667,1.0,1.0,0.0
0,1395.0,802,5,0.0,0.0,0.714285714286,0.510204081633,-0.142857142857
1,1395.0,802,5,1.0,0.0,0.714285714286,0.510204081633,-0.142857142857
0,1395.0,803,5,0.0,0.0,0.714285714286,0.510204081633,-0.142857142857
0,1581.0,818,5,1.0,0.0,1.0,1.0,0.0
0,1581.0,819,5,0.0,0.666666666667,1.0,1.0,0.6
0,1581.0,832,5,0.0,0.0,1.0,1.0,0.0
1,1581.0,832,5,0.0,0.0,1.0,1.0,0.0
2,1581.0,832,5,0.0,0.0,1.0,1.0,0.0
0,1581.0,835,5,0.0,0.0,1.0,1.0,0.0
0,1581.0,869,5,0.0,0.0,1.0,1.0,0.0
0,1581.0,1166,5,0.0,0.0,1.0,1.0,0.0
0,1581.0,1172,5,0.0,0.0,1.0,1.0,0.0
0,1581.0,1174,5,0.0,0.0,1.0,1.0,0.0
0,1826.0,1313,5,0.0,0.0,1.0,1.0,0.0
0,1826.0,1314,5,1.0,0.0,1.0,1.0,0.0
0,1840.0,53,5,0.0,0.0,1.0,1.0,0.0
1,1840.0,53,5,1.0,0.0,1.0,1.0,0.0
0,1840.0,54,5,0.0,0.75,1.0,1.0,0.6
1,1840.0,54,5,0.0,0.75,1.0,1.0,0.6
2,1840.0,54,5,0.0,0.75,1.0,1.0,0.6
3,1840.0,54,5,1.0,0.75,1.0,1.0,0.6
0,1840.0,55,5,0.0,0.666666666667,1.0,1.0,0.4
1,1840.0,55,5,0.0,0.666666666667,1.0,1.0,0.4
0,1840.0,59,5,0.0,0.666666666667,1.0,1.0,0.4
0,1840.0,98,5,0.0,0.0,1.0,1.0,0.0
1,1840.0,98,5,0.0,0.0,1.0,1.0,0.0
2,1840.0,98,5,0.0,0.0,1.0,1.0,0.0
3,1840.0,98,5,0.0,0.0,1.0,1.0,0.0
0,1840.0,154,5,0.0,0.0,1.0,1.0,0.0
0,1840.0,654,5,0.0,0.0,1.0,1.0,0.0
0,1840.0,681,5,0.0,0.0,1.0,1.0,0.0
0,1840.0,717,5,0.0,0.0,1.0,1.0,0.0
0,1840.0,821,5,0.0,0.0,1.0,1.0,0.0
1,1840.0,821,5,0.0,0.0,1.0,1.0,0.0
0,1840.0,1054,5,0.0,0.0,1.0,1.0,0.0
0,1840.0,1117,5,0.0,0.0,1.0,1.0,0.0
0,1840.0,1202,5,0.0,0.0,1.0,1.0,0.0
0,1840.0,1276,5,0.0,0.0,0.833333333333,0.694444444444,0.0
0,1840.0,1277,5,0.0,0.0,0.833333333333,0.694444444444,0.0
0,1840.0,1278,5,0.0,0.0,0.833333333333,0.694444444444,0.0
1,1840.0,1278,5,0.0,0.0,0.833333333333,0.694444444444,0.0
0,1840.0,1316,5,0.0,0.0,0.833333333333,0.694444444444,0.0
0,1969.0,49,5,1.0,0.0,1.0,1.0,0.0
0,1969.0,50,5,0.0,0.857142857143,1.0,1.0,0.4
1,1969.0,50,5,0.0,0.857142857143,1.0,1.0,0.4
0,1969.0,51,5,0.0,0.933333333333,1.0,1.0,0.8
1,1969.0,51,5,0.0,0.933333333333,1.0,1.0,0.8
2,1969.0,51,5,0.0,0.933333333333,1.0,1.0,0.8
3,1969.0,51,5,0.0,0.933333333333,1.0,1.0,0.8
4,1969.0,51,5,1.0,0.933333333333,1.0,1.0,0.8
0,1969.0,52,5,0.0,0.933333333333,1.0,1.0,0.8
0,1969.0,69,5,0.0,0.875,1.0,1.0,0.4
1,1969.0,69,5,0.0,0.875,1.0,1.0,0.4
0,1969.0,156,5,0.0,0.875,1.0,1.0,0.4
0,1969.0,160,5,0.0,0.875,1.0,1.0,0.4
0,1969.0,219,5,0.0,0.875,1.0,1.0,0.4
1,1969.0,219,5,0.0,0.875,1.0,1.0,0.4
0,1969.0,399,5,0.0,0.875,1.0,1.0,0.4
0,1969.0,461,5,0.0,0.875,0.833333333333,0.694444444444,0.333333333333
1,1969.0,461,5,0.0,0.875,0.833333333333,0.694444444444,0.333333333333
2,1969.0,461,5,0.0,0.875,0.833333333333,0.694444444444,0.333333333333
0,1969.0,462,5,0.0,0.666666666667,0.833333333333,0.694444444444,0.0
1,1969.0,462,5,0.0,0.666666666667,0.833333333333,0.694444444444,0.0
0,1969.0,653,5,0.0,0.75,0.833333333333,0.694444444444,0.0
0,1969.0,784,5,0.0,0.75,0.714285714286,0.510204081633,0.0
0,1969.0,785,5,0.0,0.75,0.714285714286,0.510204081633,0.0
1,1969.0,785,5,0.0,0.75,0.714285714286,0.510204081633,0.0
2,1969.0,785,5,0.0,0.75,0.714285714286,0.510204081633,0.0
0,1969.0,786,5,0.0,0.75,0.714285714286,0.510204081633,0.0
1,1969.0,786,5,0.0,0.75,0.714285714286,0.510204081633,0.0
0,1969.0,787,5,0.0,0.75,0.714285714286,0.510204081633,0.0
0,1969.0,788,5,0.0,0.0,0.714285714286,0.510204081633,-0.142857142857
1,1969.0,788,5,0.0,0.0,0.714285714286,0.510204081633,-0.142857142857
0,1969.0,790,5,0.0,0.0,0.625,0.390625,-0.125
0,1969.0,791,5,0.0,0.8,0.625,0.390625,0.125
1,1969.0,791,5,0.0,0.8,0.625,0.390625,0.125
0,1969.0,792,5,0.0,0.8,0.625,0.390625,0.125
1,1969.0,792,5,0.0,0.8,0.625,0.390625,0.125
2,1969.0,792,5,0.0,0.8,0.625,0.390625,0.125
0,1969.0,833,5,0.0,0.0,0.5,0.25,-0.2
1,1969.0,833,5,0.0,0.0,0.5,0.25,-0.2
2,1969.0,833,5,0.0,0.0,0.5,0.25,-0.2
0,1969.0,834,5,0.0,0.965517241379,0.5,0.25,0.4
1,1969.0,834,5,0.0,0.965517241379,0.5,0.25,0.4
2,1969.0,834,5,0.0,0.965517241379,0.5,0.25,0.4
3,1969.0,834,5,0.0,0.965517241379,0.5,0.25,0.4
4,1969.0,834,5,1.0,0.965517241379,0.5,0.25,0.4
0,1969.0,835,5,0.0,0.965517241379,0.5,0.25,0.4
0,1969.0,848,5,0.0,0.833333333333,0.5,0.25,0.2
0,1969.0,860,5,0.0,0.833333333333,0.5,0.25,0.2
0,1969.0,874,5,0.0,0.833333333333,0.5,0.25,0.2
1,1969.0,874,5,0.0,0.833333333333,0.5,0.25,0.2
0,2023.0,1230,5,0.0,0.0,1.0,1.0,0.0
1,2023.0,1230,5,1.0,0.0,1.0,1.0,0.0
0,2045.0,294,5,0.0,0.0,0.833333333333,0.694444444444,0.0
1,2045.0,294,5,0.0,0.0,0.833333333333,0.694444444444,0.0
2,2045.0,294,5,0.0,0.0,0.833333333333,0.694444444444,0.0
0,2045.0,295,5,0.0,0.0,0.833333333333,0.694444444444,0.0
1,2045.0,295,5,0.0,0.0,0.833333333333,0.694444444444,0.0
2,2045.0,295,5,0.0,0.0,0.833333333333,0.694444444444,0.0
0,2045.0,296,5,0.0,0.0,0.833333333333,0.694444444444,0.0
1,2045.0,296,5,0.0,0.0,0.833333333333,0.694444444444,0.0
0,2045.0,308,5,0.0,0.0,0.833333333333,0.694444444444,0.0
0,2045.0,338,5,0.0,0.0,0.833333333333,0.694444444444,0.0
0,2045.0,496,5,0.0,0.0,0.833333333333,0.694444444444,0.0
0,2045.0,1018,5,0.0,0.0,0.833333333333,0.694444444444,0.0
1,2045.0,1018,5,0.0,0.0,0.833333333333,0.694444444444,0.0
0,2045.0,1028,5,0.0,0.0,0.714285714286,0.510204081633,0.0
0,2045.0,1030,5,0.0,0.0,0.714285714286,0.510204081633,0.0
0,2045.0,1262,5,0.0,0.0,0.714285714286,0.510204081633,0.0
0,2065.0,1,5,0.0,0.0,1.0,1.0,0.0
1,2065.0,1,5,0.0,0.0,1.0,1.0,0.0
2,2065.0,1,5,0.0,0.0,1.0,1.0,0.0
3,2065.0,1,5,0.0,0.0,1.0,1.0,0.0
4,2065.0,1,5,1.0,0.0,1.0,1.0,0.0
0,2065.0,2,5,1.0,0.0,1.0,1.0,0.0
0,2065.0,3,5,0.0,0.5,1.0,1.0,0.4
1,2065.0,3,5,0.0,0.5,1.0,1.0,0.4
2,2065.0,3,5,1.0,0.5,1.0,1.0,0.4
0,2065.0,34,5,0.0,0.5,1.0,1.0,0.4
0,2065.0,261,5,0.0,0.5,1.0,1.0,0.4
1,2065.0,261,5,0.0,0.5,1.0,1.0,0.4
0,2065.0,528,5,0.0,0.5,1.0,1.0,0.4
0,2079.0,331,5,1.0,0.0,1.0,1.0,0.0
1,2079.0,331,5,1.0,0.0,1.0,1.0,0.0
0,2079.0,332,5,0.0,0.666666666667,1.0,1.0,0.6
0,2079.0,398,5,0.0,0.666666666667,1.0,1.0,0.4
0,2079.0,483,5,0.0,0.666666666667,1.0,1.0,0.2
0,2079.0,521,5,0.0,0.666666666667,0.833333333333,0.694444444444,0.166666666667
0,2079.0,522,5,0.0,0.75,0.833333333333,0.694444444444,0.5
0,2079.0,544,5,0.0,0.75,0.833333333333,0.694444444444,0.5
0,2079.0,1081,5,0.0,0.75,0.833333333333,0.694444444444,0.333333333333
0,2079.0,1082,5,0.0,0.75,0.833333333333,0.694444444444,0.333333333333
1,2079.0,1082,5,0.0,0.75,0.833333333333,0.694444444444,0.333333333333
0,2079.0,1114,5,0.0,0.666666666667,0.714285714286,0.510204081633,0.0
0,2079.0,1115,5,0.0,0.75,0.714285714286,0.510204081633,0.285714285714
0,2079.0,1118,5,0.0,0.666666666667,0.625,0.390625,0.0
0,2079.0,1126,5,0.0,0.75,0.625,0.390625,0.375
0,2079.0,1301,5,0.0,0.75,0.555555555556,0.308641975309,0.333333333333
0,2079.0,1309,5,0.0,0.75,0.5,0.25,0.3
0,2085.0,977,5,0.0,0.0,1.0,1.0,0.0
0,2091.0,17,5,0.0,0.0,1.0,1.0,0.0
1,2091.0,17,5,1.0,0.0,1.0,1.0,0.0
0,2091.0,18,5,0.0,0.0,1.0,1.0,0.0
1,2091.0,18,5,0.0,0.0,1.0,1.0,0.0
0,2091.0,967,5,0.0,0.0,1.0,1.0,0.0
0,2091.0,977,5,0.0,0.0,1.0,1.0,0.0
0,2091.0,979,5,0.0,0.0,1.0,1.0,0.0
0,2091.0,989,5,0.0,0.0,1.0,1.0,0.0
1,2091.0,989,5,0.0,0.0,1.0,1.0,0.0
0,2121.0,49,5,1.0,0.0,1.0,1.0,0.0
0,2121.0,50,5,0.0,0.8,1.0,1.0,0.6
0,2121.0,51,5,0.0,0.8,1.0,1.0,0.6
0,2121.0,156,5,0.0,0.666666666667,1.0,1.0,0.4
1,2121.0,156,5,0.0,0.666666666667,1.0,1.0,0.4
2,2121.0,156,5,0.0,0.666666666667,1.0,1.0,0.4
0,2121.0,343,5,0.0,0.666666666667,1.0,1.0,0.4
0,2121.0,452,5,0.0,0.666666666667,1.0,1.0,0.4
0,2121.0,461,5,0.0,0.666666666667,1.0,1.0,0.4
0,2121.0,588,5,0.0,0.666666666667,1.0,1.0,0.4
0,2261.0,120,5,1.0,0.0,1.0,1.0,0.0
0,2261.0,121,5,0.0,0.666666666667,1.0,1.0,0.2
1,2261.0,121,5,0.0,0.666666666667,1.0,1.0,0.2
2,2261.0,121,5,0.0,0.666666666667,1.0,1.0,0.2
0,2261.0,122,5,0.0,0.666666666667,1.0,1.0,0.2
0,2261.0,124,5,0.0,0.666666666667,1.0,1.0,0.2
0,2261.0,125,5,0.0,0.666666666667,1.0,1.0,0.2
0,2261.0,273,5,0.0,0.833333333333,1.0,1.0,0.6
0,2261.0,606,5,0.0,0.833333333333,1.0,1.0,0.6
0,2261.0,745,5,0.0,0.833333333333,1.0,1.0,0.6
1,2261.0,745,5,0.0,0.833333333333,1.0,1.0,0.6
0,2261.0,958,5,0.0,0.666666666667,1.0,1.0,0.0
1,2261.0,958,5,0.0,0.666666666667,1.0,1.0,0.0
2,2261.0,958,5,0.0,0.666666666667,1.0,1.0,0.0
3,2261.0,958,5,0.0,0.666666666667,1.0,1.0,0.0
0,2261.0,1027,5,0.0,0.666666666667,1.0,1.0,0.0
0,2275.0,546,5,1.0,0.0,1.0,1.0,0.0
0,2275.0,547,5,0.0,0.0,1.0,1.0,0.0
1,2275.0,547,5,0.0,0.0,1.0,1.0,0.0
0,2275.0,548,5,0.0,0.0,1.0,1.0,0.0
0,2275.0,550,5,0.0,0.0,1.0,1.0,0.0
0,2275.0,1164,5,0.0,0.0,0.833333333333,0.694444444444,0.0
0,2276.0,843,5,0.0,0.0,1.0,1.0,0.0
0,2327.0,813,5,0.0,0.0,1.0,1.0,0.0
1,2327.0,813,5,1.0,0.0,1.0,1.0,0.0
0,2327.0,814,5,0.0,0.0,1.0,1.0,0.0
0,2327.0,885,5,0.0,0.0,1.0,1.0,0.0
0,2327.0,1148,5,0.0,0.0,1.0,1.0,0.0
0,2327.0,1265,5,0.0,0.0,1.0,1.0,0.0
0,2334.0,1058,5,0.0,0.0,1.0,1.0,0.0
1,2334.0,1058,5,0.0,0.0,1.0,1.0,0.0
0,2334.0,1059,5,0.0,0.0,1.0,1.0,0.0
0,2343.0,604,5,0.0,0.0,1.0,1.0,0.0
1,2343.0,604,5,0.0,0.0,1.0,1.0,0.0
0,2343.0,605,5,0.0,0.0,1.0,1.0,0.0
1,2343.0,605,5,0.0,0.0,1.0,1.0,0.0
2,2343.0,605,5,0.0,0.0,1.0,1.0,0.0
0,2343.0,756,5,0.0,0.0,1.0,1.0,0.0
0,2343.0,912,5,1.0,0.0,0.833333333333,0.694444444444,0.0
0,2396.0,229,5,1.0,0.0,1.0,1.0,0.0
0,2396.0,230,5,0.0,0.0,1.0,1.0,0.0
1,2396.0,230,5,0.0,0.0,1.0,1.0,0.0
2,2396.0,230,5,0.0,0.0,1.0,1.0,0.0
0,2396.0,240,5,0.0,0.0,1.0,1.0,0.0
0,2396.0,306,5,0.0,0.0,1.0,1.0,0.0
0,2396.0,552,5,0.0,0.0,1.0,1.0,0.0
0,2396.0,613,5,0.0,0.0,1.0,1.0,0.0
0,2396.0,916,5,0.0,0.0,1.0,1.0,0.0
0,2396.0,975,5,0.0,0.0,1.0,1.0,0.0
1,2396.0,975,5,0.0,0.0,1.0,1.0,0.0
2,2396.0,975,5,0.0,0.0,1.0,1.0,0.0
3,2396.0,975,5,0.0,0.0,1.0,1.0,0.0
0,2396.0,985,5,0.0,0.0,1.0,1.0,0.0
1,2396.0,985,5,0.0,0.0,1.0,1.0,0.0
2,2396.0,985,5,0.0,0.0,1.0,1.0,0.0
3,2396.0,985,5,0.0,0.0,1.0,1.0,0.0
0,2396.0,986,5,0.0,0.0,1.0,1.0,0.0
0,2396.0,990,5,0.0,0.0,0.833333333333,0.694444444444,0.0
0,2396.0,991,5,0.0,0.0,0.833333333333,0.694444444444,0.0
1,2396.0,991,5,0.0,0.0,0.833333333333,0.694444444444,0.0
0,2396.0,1048,5,0.0,0.0,0.833333333333,0.694444444444,0.0
1,2396.0,1048,5,0.0,0.0,0.833333333333,0.694444444444,0.0
0,2396.0,1055,5,0.0,0.0,0.833333333333,0.694444444444,0.0
0,2396.0,1158,5,0.0,0.0,0.833333333333,0.694444444444,0.0
1,2396.0,1158,5,0.0,0.0,0.833333333333,0.694444444444,0.0
0,2446.0,1233,5,0.0,0.0,1.0,1.0,0.0
0,2446.0,1250,5,0.0,0.0,1.0,1.0,0.0
0,2450.0,7,5,0.0,0.0,1.0,1.0,0.0
0,2450.0,8,5,0.0,0.0,1.0,1.0,0.0
1,2450.0,8,5,0.0,0.0,1.0,1.0,0.0
2,2450.0,8,5,0.0,0.0,1.0,1.0,0.0
3,2450.0,8,5,0.0,0.0,1.0,1.0,0.0
0,2450.0,14,5,0.0,0.0,1.0,1.0,0.0
0,2450.0,15,5,0.0,0.0,1.0,1.0,0.0
0,2450.0,378,5,0.0,0.0,1.0,1.0,0.0
0,2450.0,434,5,1.0,0.0,0.833333333333,0.694444444444,0.0
0,2450.0,435,5,0.0,0.0,0.833333333333,0.694444444444,-0.166666666667
1,2450.0,435,5,0.0,0.0,0.833333333333,0.694444444444,-0.166666666667
0,2450.0,522,5,0.0,0.0,0.833333333333,0.694444444444,0.0
0,2536.0,1165,5,0.0,0.0,1.0,1.0,0.0
0,2536.0,1275,5,0.0,0.0,0.833333333333,0.694444444444,0.0
0,2630.0,868,5,0.0,0.0,1.0,1.0,0.0
0,2630.0,869,5,0.0,0.0,1.0,1.0,0.0
0,2630.0,871,5,0.0,0.0,1.0,1.0,0.0
1,2630.0,871,5,0.0,0.0,1.0,1.0,0.0
0,2685.0,584,5,1.0,0.0,1.0,1.0,0.0
1,2685.0,584,5,1.0,0.0,1.0,1.0,0.0
0,2685.0,585,5,0.0,0.0,1.0,1.0,0.0
1,2685.0,585,5,0.0,0.0,1.0,1.0,0.0
2,2685.0,585,5,0.0,0.0,1.0,1.0,0.0
0,2685.0,586,5,0.0,0.0,1.0,1.0,0.0
0,2685.0,596,5,0.0,0.0,1.0,1.0,0.0
0,2685.0,614,5,0.0,0.0,1.0,1.0,0.0
0,2685.0,743,5,0.0,0.0,1.0,1.0,0.0
1,2685.0,743,5,0.0,0.0,1.0,1.0,0.0
0,2685.0,772,5,1.0,0.0,0.833333333333,0.694444444444,0.0
1,2685.0,772,5,1.0,0.0,0.833333333333,0.694444444444,0.0
0,2685.0,773,5,0.0,0.0,0.833333333333,0.694444444444,0.0
1,2685.0,773,5,0.0,0.0,0.833333333333,0.694444444444,0.0
2,2685.0,773,5,0.0,0.0,0.833333333333,0.694444444444,0.0
3,2685.0,773,5,0.0,0.0,0.833333333333,0.694444444444,0.0
4,2685.0,773,5,0.0,0.0,0.833333333333,0.694444444444,0.0
5,2685.0,773,5,0.0,0.0,0.833333333333,0.694444444444,0.0
6,2685.0,773,5,0.0,0.0,0.833333333333,0.694444444444,0.0
0,2685.0,777,5,0.0,0.0,0.833333333333,0.694444444444,0.0
0,2685.0,938,5,1.0,0.0,0.714285714286,0.510204081633,0.0
0,2685.0,939,5,0.0,0.0,0.714285714286,0.510204081633,0.0
0,2685.0,944,5,0.0,0.0,0.714285714286,0.510204081633,0.0
1,2685.0,944,5,0.0,0.0,0.714285714286,0.510204081633,0.0
2,2685.0,944,5,0.0,0.0,0.714285714286,0.510204081633,0.0
0,2685.0,952,5,0.0,0.0,0.714285714286,0.510204081633,0.0
0,2685.0,998,5,0.0,0.0,0.714285714286,0.510204081633,0.0
1,2685.0,998,5,0.0,0.0,0.714285714286,0.510204081633,0.0
0,2685.0,1004,5,0.0,0.0,0.714285714286,0.510204081633,0.0
1,2685.0,1004,5,0.0,0.0,0.714285714286,0.510204081633,0.0
2,2685.0,1004,5,0.0,0.0,0.714285714286,0.510204081633,0.0
0,2685.0,1043,5,1.0,0.0,0.625,0.390625,0.0
0,2685.0,1044,5,0.0,0.0,0.625,0.390625,0.0
0,2685.0,1045,5,0.0,0.0,0.625,0.390625,0.0
1,2685.0,1045,5,0.0,0.0,0.625,0.390625,0.0
0,2685.0,1049,5,0.0,0.0,0.625,0.390625,0.0
0,2685.0,1058,5,0.0,0.0,0.625,0.390625,0.0
0,2685.0,1075,5,0.0,0.0,0.625,0.390625,0.0
1,2685.0,1075,5,0.0,0.0,0.625,0.390625,0.0
0,2685.0,1076,5,0.0,0.0,0.625,0.390625,0.0
0,2685.0,1079,5,0.0,0.0,0.625,0.390625,0.0
0,2685.0,1118,5,0.0,0.0,0.625,0.390625,0.0
0,2685.0,1122,5,0.0,0.0,0.625,0.390625,0.0
0,2685.0,1127,5,0.0,0.0,0.625,0.390625,0.0
1,2685.0,1127,5,0.0,0.0,0.625,0.390625,0.0
2,2685.0,1127,5,0.0,0.0,0.625,0.390625,0.0
0,2685.0,1162,5,0.0,0.0,0.625,0.390625,0.0
1,2685.0,1162,5,0.0,0.0,0.625,0.390625,0.0
0,2685.0,1231,5,1.0,0.0,0.555555555556,0.308641975309,0.0
1,2685.0,1231,5,1.0,0.0,0.555555555556,0.308641975309,0.0
0,2685.0,1240,5,1.0,0.0,0.5,0.25,0.0
0,2767.0,2,5,0.0,0.0,0.833333333333,0.694444444444,0.0
1,2767.0,2,5,0.0,0.0,0.833333333333,0.694444444444,0.0
2,2767.0,2,5,0.0,0.0,0.833333333333,0.694444444444,0.0
3,2767.0,2,5,0.0,0.0,0.833333333333,0.694444444444,0.0
4,2767.0,2,5,0.0,0.0,0.833333333333,0.694444444444,0.0
5,2767.0,2,5,0.0,0.0,0.833333333333,0.694444444444,0.0
6,2767.0,2,5,1.0,0.0,0.833333333333,0.694444444444,0.0
0,2767.0,3,5,0.0,0.0,0.833333333333,0.694444444444,-0.166666666667
1,2767.0,3,5,0.0,0.0,0.833333333333,0.694444444444,-0.166666666667
2,2767.0,3,5,0.0,0.0,0.833333333333,0.694444444444,-0.166666666667
3,2767.0,3,5,1.0,0.0,0.833333333333,0.694444444444,-0.166666666667
0,2767.0,4,5,0.0,0.0,0.714285714286,0.510204081633,-0.142857142857
1,2767.0,4,5,0.0,0.0,0.714285714286,0.510204081633,-0.142857142857
2,2767.0,4,5,0.0,0.0,0.714285714286,0.510204081633,-0.142857142857
0,2767.0,5,5,0.0,0.0,0.714285714286,0.510204081633,-0.142857142857
1,2767.0,5,5,0.0,0.0,0.714285714286,0.510204081633,-0.142857142857
2,2767.0,5,5,1.0,0.0,0.714285714286,0.510204081633,-0.142857142857
0,2767.0,8,5,0.0,0.0,0.714285714286,0.510204081633,-0.142857142857
0,2767.0,28,5,0.0,0.0,0.714285714286,0.510204081633,-0.142857142857
0,2767.0,63,5,0.0,0.0,0.714285714286,0.510204081633,-0.142857142857
0,2767.0,127,5,0.0,0.0,0.714285714286,0.510204081633,-0.142857142857
0,2767.0,152,5,0.0,0.0,0.625,0.390625,-0.125
0,2767.0,153,5,1.0,0.0,0.625,0.390625,-0.125
0,2806.0,851,5,1.0,0.0,1.0,1.0,0.0
1,2806.0,851,5,1.0,0.0,1.0,1.0,0.0
0,2806.0,852,5,0.0,0.0,1.0,1.0,0.0
1,2806.0,852,5,0.0,0.0,1.0,1.0,0.0
0,2806.0,854,5,0.0,0.0,1.0,1.0,0.0
0,2806.0,856,5,0.0,0.0,1.0,1.0,0.0
0,2806.0,857,5,0.0,0.0,1.0,1.0,0.0
1,2806.0,857,5,0.0,0.0,1.0,1.0,0.0
0,2806.0,864,5,0.0,0.0,1.0,1.0,0.0
1,2806.0,864,5,0.0,0.0,1.0,1.0,0.0
2,2806.0,864,5,0.0,0.0,1.0,1.0,0.0
3,2806.0,864,5,0.0,0.0,1.0,1.0,0.0
0,2806.0,1183,5,0.0,0.0,1.0,1.0,0.0
1,2806.0,1183,5,0.0,0.0,1.0,1.0,0.0
0,2826.0,23,5,0.0,-0.666666666667,1.0,1.0,0.2
0,2826.0,24,5,0.0,-0.666666666667,1.0,1.0,0.2
0,2826.0,35,5,0.0,-0.666666666667,1.0,1.0,0.2
0,2826.0,56,5,0.0,-0.8,0.833333333333,0.694444444444,-0.166666666667
1,2826.0,56,5,0.0,-0.8,0.833333333333,0.694444444444,-0.166666666667
0,2826.0,57,5,0.0,-0.666666666667,0.833333333333,0.694444444444,0.0
1,2826.0,57,5,0.0,-0.666666666667,0.833333333333,0.694444444444,0.0
0,2826.0,112,5,0.0,-0.666666666667,0.833333333333,0.694444444444,0.0
0,2826.0,134,5,0.0,-0.666666666667,0.833333333333,0.694444444444,0.0
0,2826.0,224,5,0.0,-0.666666666667,0.833333333333,0.694444444444,0.0
1,2826.0,224,5,0.0,-0.666666666667,0.833333333333,0.694444444444,0.0
0,2826.0,351,5,0.0,-0.666666666667,0.833333333333,0.694444444444,0.0
0,2826.0,393,5,0.0,-0.666666666667,0.833333333333,0.694444444444,0.0
1,2826.0,393,5,0.0,-0.666666666667,0.833333333333,0.694444444444,0.0
0,2826.0,485,5,0.0,-0.8,0.714285714286,0.510204081633,-0.285714285714
1,2826.0,485,5,0.0,-0.8,0.714285714286,0.510204081633,-0.285714285714
0,2826.0,486,5,0.0,-0.666666666667,0.714285714286,0.510204081633,-0.142857142857
1,2826.0,486,5,0.0,-0.666666666667,0.714285714286,0.510204081633,-0.142857142857
2,2826.0,486,5,0.0,-0.666666666667,0.714285714286,0.510204081633,-0.142857142857
3,2826.0,486,5,0.0,-0.666666666667,0.714285714286,0.510204081633,-0.142857142857
0,2879.0,1103,5,0.0,0.0,1.0,1.0,0.0
1,2879.0,1103,5,0.0,0.0,1.0,1.0,0.0
2,2879.0,1103,5,0.0,0.0,1.0,1.0,0.0
0,2913.0,1,5,0.0,0.0,1.0,1.0,0.0
1,2913.0,1,5,0.0,0.0,1.0,1.0,0.0
2,2913.0,1,5,0.0,0.0,1.0,1.0,0.0
3,2913.0,1,5,0.0,0.0,1.0,1.0,0.0
4,2913.0,1,5,0.0,0.0,1.0,1.0,0.0
5,2913.0,1,5,0.0,0.0,1.0,1.0,0.0
6,2913.0,1,5,0.0,0.0,1.0,1.0,0.0
7,2913.0,1,5,0.0,0.0,1.0,1.0,0.0
8,2913.0,1,5,0.0,0.0,1.0,1.0,0.0
9,2913.0,1,5,0.0,0.0,1.0,1.0,0.0
10,2913.0,1,5,0.0,0.0,1.0,1.0,0.0
11,2913.0,1,5,0.0,0.0,1.0,1.0,0.0
12,2913.0,1,5,1.0,0.0,1.0,1.0,0.0
13,2913.0,1,5,1.0,0.0,1.0,1.0,0.0
0,2913.0,2,5,0.0,0.0,1.0,1.0,0.0
1,2913.0,2,5,0.0,0.0,1.0,1.0,0.0
0,2913.0,3,5,0.0,0.666666666667,1.0,1.0,0.6
1,2913.0,3,5,1.0,0.666666666667,1.0,1.0,0.6
0,2913.0,37,5,1.0,0.0,0.833333333333,0.694444444444,0.0
0,3040.0,3,5,0.0,0.0,1.0,1.0,0.0
1,3040.0,3,5,0.0,0.0,1.0,1.0,0.0
2,3040.0,3,5,0.0,0.0,1.0,1.0,0.0
3,3040.0,3,5,1.0,0.0,1.0,1.0,0.0
0,3040.0,4,5,0.0,0.5,1.0,1.0,0.4
1,3040.0,4,5,0.0,0.5,1.0,1.0,0.4
2,3040.0,4,5,1.0,0.5,1.0,1.0,0.4
0,3040.0,9,5,0.0,0.666666666667,1.0,1.0,0.8
0,3040.0,14,5,0.0,0.571428571429,1.0,1.0,0.6
1,3040.0,14,5,0.0,0.571428571429,1.0,1.0,0.6
0,3040.0,29,5,0.0,0.571428571429,0.833333333333,0.694444444444,0.5
0,3040.0,66,5,0.0,0.0,0.833333333333,0.694444444444,0.0
0,3162.0,591,5,0.0,0.0,1.0,1.0,0.0
0,3185.0,923,5,0.0,0.0,0.833333333333,0.694444444444,0.0
1,3185.0,923,5,0.0,0.0,0.833333333333,0.694444444444,0.0
2,3185.0,923,5,1.0,0.0,0.833333333333,0.694444444444,0.0
3,3185.0,923,5,1.0,0.0,0.833333333333,0.694444444444,0.0
4,3185.0,923,5,1.0,0.0,0.833333333333,0.694444444444,0.0
0,3185.0,924,5,0.0,0.0,0.833333333333,0.694444444444,0.0
1,3185.0,924,5,0.0,0.0,0.833333333333,0.694444444444,0.0
2,3185.0,924,5,0.0,0.0,0.833333333333,0.694444444444,0.0
0,3185.0,926,5,0.0,0.0,0.833333333333,0.694444444444,0.0
0,3185.0,927,5,0.0,0.0,0.833333333333,0.694444444444,0.0
1,3185.0,927,5,0.0,0.0,0.833333333333,0.694444444444,0.0
0,3408.0,189,5,0.0,0.0,1.0,1.0,0.0
0,3447.0,4,5,0.0,0.0,1.0,1.0,0.0
1,3447.0,4,5,1.0,0.0,1.0,1.0,0.0
0,3447.0,5,5,0.0,0.0,1.0,1.0,0.0
0,3466.0,32,5,0.0,0.0,0.833333333333,0.694444444444,-0.166666666667
1,3466.0,32,5,0.0,0.0,0.833333333333,0.694444444444,-0.166666666667
2,3466.0,32,5,0.0,0.0,0.833333333333,0.694444444444,-0.166666666667
3,3466.0,32,5,0.0,0.0,0.833333333333,0.694444444444,-0.166666666667
0,3466.0,33,5,0.0,0.0,0.833333333333,0.694444444444,-0.166666666667
0,3466.0,35,5,0.0,0.0,0.833333333333,0.694444444444,0.0
0,3466.0,71,5,0.0,0.0,0.714285714286,0.510204081633,0.0
0,3466.0,200,5,0.0,0.0,0.714285714286,0.510204081633,0.0
0,3466.0,388,5,0.0,0.0,0.625,0.390625,0.0
0,3466.0,390,5,0.0,0.0,0.625,0.390625,0.0
0,3466.0,391,5,0.0,0.0,0.625,0.390625,0.0
0,3466.0,394,5,0.0,0.0,0.625,0.390625,0.0
1,3466.0,394,5,0.0,0.0,0.625,0.390625,0.0
0,3466.0,637,5,0.0,0.0,0.555555555556,0.308641975309,0.0
0,3466.0,638,5,0.0,0.0,0.555555555556,0.308641975309,0.0
0,3477.0,1020,5,0.0,0.0,1.0,1.0,0.0
0,3529.0,616,5,0.0,0.0,1.0,1.0,0.0
0,3529.0,617,5,1.0,0.0,1.0,1.0,0.0
0,3529.0,620,5,0.0,0.0,1.0,1.0,0.0
0,3529.0,734,5,0.0,0.0,1.0,1.0,0.0
0,3554.0,733,5,0.0,0.0,1.0,1.0,0.0
0,3561.0,27,5,0.0,0.0,1.0,1.0,0.0
1,3561.0,27,5,1.0,0.0,1.0,1.0,0.0
0,3561.0,28,5,0.0,0.5,1.0,1.0,0.4
1,3561.0,28,5,0.0,0.5,1.0,1.0,0.4
2,3561.0,28,5,0.0,0.5,1.0,1.0,0.4
0,3561.0,30,5,0.0,0.5,0.833333333333,0.694444444444,0.333333333333
0,3609.0,6,5,0.0,0.0,1.0,1.0,0.0
0,3740.0,36,5,0.0,0.0,1.0,1.0,0.0
0,3796.0,676,5,0.0,0.0,1.0,1.0,0.0
1,3796.0,676,5,0.0,0.0,1.0,1.0,0.0
0,3813.0,9,5,0.0,0.0,1.0,1.0,0.0
0,3813.0,502,5,0.0,0.0,1.0,1.0,0.0
0,3825.0,725,5,0.0,0.0,1.0,1.0,0.0
1,3825.0,725,5,0.0,0.0,1.0,1.0,0.0
0,3825.0,726,5,0.0,0.0,1.0,1.0,0.0
1,3825.0,726,5,0.0,0.0,1.0,1.0,0.0
0,3825.0,727,5,0.0,0.0,1.0,1.0,0.0
0,3825.0,754,5,0.0,0.0,1.0,1.0,0.0
0,3825.0,757,5,1.0,0.0,0.833333333333,0.694444444444,0.0
0,3825.0,758,5,0.0,0.75,0.833333333333,0.694444444444,0.333333333333
0,3825.0,759,5,0.0,0.75,0.833333333333,0.694444444444,0.333333333333
0,3825.0,763,5,0.0,0.0,0.833333333333,0.694444444444,0.0
1,3825.0,763,5,0.0,0.0,0.833333333333,0.694444444444,0.0
2,3825.0,763,5,0.0,0.0,0.833333333333,0.694444444444,0.0
0,3825.0,799,5,0.0,0.0,0.833333333333,0.694444444444,0.0
0,3825.0,821,5,0.0,0.0,0.833333333333,0.694444444444,0.0
0,3825.0,863,5,0.0,0.0,0.833333333333,0.694444444444,0.0
1,3825.0,863,5,0.0,0.0,0.833333333333,0.694444444444,0.0
2,3825.0,863,5,0.0,0.0,0.833333333333,0.694444444444,0.0
3,3825.0,863,5,0.0,0.0,0.833333333333,0.694444444444,0.0
0,3825.0,864,5,0.0,0.0,0.833333333333,0.694444444444,0.0
0,3825.0,865,5,0.0,0.0,0.833333333333,0.694444444444,0.0
1,3825.0,865,5,0.0,0.0,0.833333333333,0.694444444444,0.0
2,3825.0,865,5,0.0,0.0,0.833333333333,0.694444444444,0.0
0,3825.0,896,5,0.0,0.0,0.833333333333,0.694444444444,0.0
0,3825.0,898,5,0.0,0.0,0.833333333333,0.694444444444,0.0
0,3869.0,33,5,1.0,0.0,1.0,1.0,0.0
0,3869.0,469,5,0.0,0.0,1.0,1.0,0.0
0,3876.0,82,5,0.0,0.0,1.0,1.0,0.0
1,3876.0,82,5,0.0,0.0,1.0,1.0,0.0
0,3876.0,83,5,0.0,0.0,1.0,1.0,0.0
1,3876.0,83,5,0.0,0.0,1.0,1.0,0.0
0,3876.0,84,5,0.0,0.0,1.0,1.0,0.0
1,3876.0,84,5,1.0,0.0,1.0,1.0,0.0
0,3876.0,87,5,0.0,0.0,1.0,1.0,0.0
0,3876.0,337,5,0.0,0.0,1.0,1.0,0.0
0,3876.0,339,5,0.0,0.0,1.0,1.0,0.0
0,3876.0,340,5,0.0,0.0,1.0,1.0,0.0
0,3876.0,343,5,0.0,0.0,1.0,1.0,0.0
0,3876.0,346,5,0.0,0.0,1.0,1.0,0.0
0,3876.0,374,5,0.0,0.0,0.833333333333,0.694444444444,0.0
0,3876.0,375,5,0.0,0.0,0.833333333333,0.694444444444,0.0
1,3876.0,375,5,1.0,0.0,0.833333333333,0.694444444444,0.0
0,3876.0,382,5,0.0,0.0,0.833333333333,0.694444444444,0.0
1,3876.0,382,5,0.0,0.0,0.833333333333,0.694444444444,0.0
0,3876.0,521,5,0.0,0.0,0.833333333333,0.694444444444,0.0
0,3876.0,527,5,0.0,0.0,0.714285714286,0.510204081633,0.0
0,3876.0,528,5,0.0,0.0,0.714285714286,0.510204081633,0.0
0,3876.0,573,5,0.0,0.0,0.625,0.390625,0.0
0,3934.0,2,5,0.0,0.0,1.0,1.0,0.0
1,3934.0,2,5,0.0,0.0,1.0,1.0,0.0
2,3934.0,2,5,0.0,0.0,1.0,1.0,0.0
0,3934.0,3,5,0.0,0.0,1.0,1.0,0.0
0,3934.0,4,5,0.0,0.0,1.0,1.0,0.0
0,3934.0,7,5,0.0,0.0,1.0,1.0,0.0
0,3934.0,13,5,0.0,0.0,1.0,1.0,0.0
1,3934.0,13,5,0.0,0.0,1.0,1.0,0.0
0,3934.0,58,5,0.0,0.0,1.0,1.0,0.0
1,3934.0,58,5,0.0,0.0,1.0,1.0,0.0
0,3934.0,155,5,0.0,0.0,1.0,1.0,0.0
1,3934.0,155,5,0.0,0.0,1.0,1.0,0.0
0,3934.0,239,5,0.0,0.0,0.833333333333,0.694444444444,0.0
0,3970.0,708,5,0.0,0.0,1.0,1.0,0.0
0,3970.0,709,5,0.0,0.0,1.0,1.0,0.0
1,3970.0,709,5,0.0,0.0,1.0,1.0,0.0
0,3970.0,809,5,0.0,0.0,0.833333333333,0.694444444444,0.0
0,4007.0,413,5,0.0,0.0,1.0,1.0,0.0
1,4007.0,413,5,0.0,0.0,1.0,1.0,0.0
2,4007.0,413,5,0.0,0.0,1.0,1.0,0.0
3,4007.0,413,5,1.0,0.0,1.0,1.0,0.0
0,4007.0,414,5,0.0,0.0,1.0,1.0,0.0
0,4015.0,546,5,0.0,0.0,1.0,1.0,0.0
1,4015.0,546,5,0.0,0.0,1.0,1.0,0.0
0,4015.0,766,5,0.0,0.0,0.833333333333,0.694444444444,0.0
0,4015.0,767,5,0.0,0.0,0.833333333333,0.694444444444,0.0
0,4015.0,817,5,0.0,0.0,0.555555555556,0.308641975309,0.0
1,4015.0,817,5,0.0,0.0,0.555555555556,0.308641975309,0.0
2,4015.0,817,5,1.0,0.0,0.555555555556,0.308641975309,0.0
0,4015.0,818,5,0.0,0.0,0.555555555556,0.308641975309,0.0
0,4015.0,877,5,1.0,0.0,0.5,0.25,0.0
0,4109.0,3,5,0.0,0.0,1.0,1.0,0.0
1,4109.0,3,5,0.0,0.0,1.0,1.0,0.0
2,4109.0,3,5,1.0,0.0,1.0,1.0,0.0
0,4109.0,4,5,0.0,0.0,1.0,1.0,0.0
1,4109.0,4,5,0.0,0.0,1.0,1.0,0.0
2,4109.0,4,5,0.0,0.0,1.0,1.0,0.0
0,4128.0,424,5,1.0,0.0,1.0,1.0,0.0
0,4139.0,8,5,0.0,0.0,0.833333333333,0.694444444444,0.0
1,4139.0,8,5,0.0,0.0,0.833333333333,0.694444444444,0.0
2,4139.0,8,5,0.0,0.0,0.833333333333,0.694444444444,0.0
3,4139.0,8,5,1.0,0.0,0.833333333333,0.694444444444,0.0
4,4139.0,8,5,1.0,0.0,0.833333333333,0.694444444444,0.0
0,4139.0,9,5,0.0,0.0,0.833333333333,0.694444444444,0.0
0,4175.0,316,5,1.0,0.0,1.0,1.0,0.0
0,4175.0,318,5,0.0,0.0,1.0,1.0,0.0
0,4175.0,324,5,0.0,0.0,1.0,1.0,0.0
0,4175.0,369,5,0.0,0.0,1.0,1.0,0.0
0,4175.0,761,5,0.0,0.0,1.0,1.0,0.0
0,4520.0,535,5,0.0,0.0,1.0,1.0,0.0
0,4520.0,536,5,0.0,0.0,0.833333333333,0.694444444444,0.0
1,4520.0,536,5,0.0,0.0,0.833333333333,0.694444444444,0.0
0,4520.0,537,5,0.0,0.0,0.833333333333,0.694444444444,0.0
0,4679.0,593,5,0.0,0.0,1.0,1.0,0.0
0,4681.0,27,5,0.0,0.0,1.0,1.0,0.0
0,4700.0,690,5,0.0,0.0,1.0,1.0,0.2
1,4700.0,690,5,0.0,0.0,1.0,1.0,0.2
2,4700.0,690,5,1.0,0.0,1.0,1.0,0.2
0,4700.0,691,5,0.0,0.666666666667,1.0,1.0,0.6
0,4701.0,369,5,0.0,0.0,1.0,1.0,0.0
1,4701.0,369,5,0.0,0.0,1.0,1.0,0.0
0,4701.0,370,5,0.0,0.0,1.0,1.0,0.0
0,4701.0,373,5,0.0,0.0,0.714285714286,0.510204081633,0.0
1,4701.0,373,5,1.0,0.0,0.714285714286,0.510204081633,0.0
0,4801.0,6,5,0.0,0.0,1.0,1.0,0.0
1,4801.0,6,5,0.0,0.0,1.0,1.0,0.0
2,4801.0,6,5,0.0,0.0,1.0,1.0,0.0
3,4801.0,6,5,1.0,0.0,1.0,1.0,0.0
4,4801.0,6,5,1.0,0.0,1.0,1.0,0.0
0,4801.0,7,5,0.0,0.666666666667,0.833333333333,0.694444444444,0.5
1,4801.0,7,5,0.0,0.666666666667,0.833333333333,0.694444444444,0.5
2,4801.0,7,5,0.0,0.666666666667,0.833333333333,0.694444444444,0.5
0,4801.0,8,5,0.0,0.666666666667,0.833333333333,0.694444444444,0.5
0,4801.0,9,5,1.0,0.0,0.714285714286,0.510204081633,-0.142857142857
1,4801.0,9,5,1.0,0.0,0.714285714286,0.510204081633,-0.142857142857
0,4801.0,10,5,0.0,0.75,0.714285714286,0.510204081633,0.571428571429
0,4801.0,77,5,0.0,0.75,0.714285714286,0.510204081633,0.571428571429
0,4873.0,261,5,0.0,0.0,1.0,1.0,0.0
1,4873.0,261,5,1.0,0.0,1.0,1.0,0.0
0,4873.0,262,5,1.0,0.0,1.0,1.0,0.0
0,4873.0,264,5,0.0,0.0,1.0,1.0,0.0
0,4873.0,265,5,1.0,0.0,0.833333333333,0.694444444444,0.0
0,4873.0,266,5,0.0,0.75,0.833333333333,0.694444444444,0.333333333333
1,4873.0,266,5,0.0,0.75,0.833333333333,0.694444444444,0.333333333333
2,4873.0,266,5,0.0,0.75,0.833333333333,0.694444444444,0.333333333333
0,4873.0,269,5,0.0,0.75,0.833333333333,0.694444444444,0.333333333333
0,4873.0,424,5,0.0,0.75,0.714285714286,0.510204081633,0.285714285714
0,4873.0,425,5,0.0,0.75,0.714285714286,0.510204081633,0.428571428571
1,4873.0,425,5,0.0,0.75,0.714285714286,0.510204081633,0.428571428571
0,4873.0,595,5,0.0,0.75,0.714285714286,0.510204081633,0.428571428571
0,4877.0,0,5,0.0,0.0,0.833333333333,0.694444444444,0.0
1,4877.0,0,5,0.0,0.0,0.833333333333,0.694444444444,0.0
2,4877.0,0,5,0.0,0.0,0.833333333333,0.694444444444,0.0
3,4877.0,0,5,0.0,0.0,0.833333333333,0.694444444444,0.0
4,4877.0,0,5,0.0,0.0,0.833333333333,0.694444444444,0.0
5,4877.0,0,5,0.0,0.0,0.833333333333,0.694444444444,0.0
6,4877.0,0,5,0.0,0.0,0.833333333333,0.694444444444,0.0
7,4877.0,0,5,0.0,0.0,0.833333333333,0.694444444444,0.0
8,4877.0,0,5,0.0,0.0,0.833333333333,0.694444444444,0.0
9,4877.0,0,5,0.0,0.0,0.833333333333,0.694444444444,0.0
10,4877.0,0,5,0.0,0.0,0.833333333333,0.694444444444,0.0
11,4877.0,0,5,1.0,0.0,0.833333333333,0.694444444444,0.0
12,4877.0,0,5,1.0,0.0,0.833333333333,0.694444444444,0.0
13,4877.0,0,5,1.0,0.0,0.833333333333,0.694444444444,0.0
14,4877.0,0,5,1.0,0.0,0.833333333333,0.694444444444,0.0
0,4877.0,1,5,0.0,0.0,0.833333333333,0.694444444444,0.0
1,4877.0,1,5,0.0,0.0,0.833333333333,0.694444444444,0.0
2,4877.0,1,5,0.0,0.0,0.833333333333,0.694444444444,0.0
3,4877.0,1,5,0.0,0.0,0.833333333333,0.694444444444,0.0
4,4877.0,1,5,1.0,0.0,0.833333333333,0.694444444444,0.0
0,4877.0,2,5,1.0,0.8,0.833333333333,0.694444444444,0.666666666667
0,4954.0,5,5,0.0,0.0,0.833333333333,0.694444444444,0.0
1,4954.0,5,5,0.0,0.0,0.833333333333,0.694444444444,0.0
2,4954.0,5,5,0.0,0.0,0.833333333333,0.694444444444,0.0
0,4954.0,6,5,0.0,0.0,0.833333333333,0.694444444444,0.0
0,4981.0,244,5,0.0,0.0,1.0,1.0,0.0
1,4981.0,244,5,0.0,0.0,1.0,1.0,0.0
2,4981.0,244,5,0.0,0.0,1.0,1.0,0.0
0,4981.0,245,5,0.0,0.0,1.0,1.0,0.0
0,4981.0,247,5,0.0,0.0,1.0,1.0,0.0
0,5027.0,49,5,0.0,0.0,1.0,1.0,0.0
1,5027.0,49,5,0.0,0.0,1.0,1.0,0.0
0,5027.0,50,5,1.0,0.0,1.0,1.0,0.0
0,5098.0,4,5,0.0,0.0,1.0,1.0,0.0
0,5117.0,25,5,0.0,0.0,1.0,1.0,0.0
0,5117.0,27,5,1.0,0.5,1.0,1.0,0.8
0,5236.0,1,5,0.0,0.0,0.714285714286,0.510204081633,0.0
1,5236.0,1,5,0.0,0.0,0.714285714286,0.510204081633,0.0
2,5236.0,1,5,0.0,0.0,0.714285714286,0.510204081633,0.0
3,5236.0,1,5,0.0,0.0,0.714285714286,0.510204081633,0.0
4,5236.0,1,5,0.0,0.0,0.714285714286,0.510204081633,0.0
5,5236.0,1,5,0.0,0.0,0.714285714286,0.510204081633,0.0
6,5236.0,1,5,0.0,0.0,0.714285714286,0.510204081633,0.0
7,5236.0,1,5,0.0,0.0,0.714285714286,0.510204081633,0.0
8,5236.0,1,5,0.0,0.0,0.714285714286,0.510204081633,0.0
9,5236.0,1,5,0.0,0.0,0.714285714286,0.510204081633,0.0
10,5236.0,1,5,0.0,0.0,0.714285714286,0.510204081633,0.0
11,5236.0,1,5,0.0,0.0,0.714285714286,0.510204081633,0.0
12,5236.0,1,5,0.0,0.0,0.714285714286,0.510204081633,0.0
13,5236.0,1,5,0.0,0.0,0.714285714286,0.510204081633,0.0
14,5236.0,1,5,0.0,0.0,0.714285714286,0.510204081633,0.0
15,5236.0,1,5,0.0,0.0,0.714285714286,0.510204081633,0.0
16,5236.0,1,5,0.0,0.0,0.714285714286,0.510204081633,0.0
17,5236.0,1,5,1.0,0.0,0.714285714286,0.510204081633,0.0
18,5236.0,1,5,1.0,0.0,0.714285714286,0.510204081633,0.0
0,5236.0,2,5,0.0,0.0,0.625,0.390625,-0.125
1,5236.0,2,5,0.0,0.0,0.625,0.390625,-0.125
2,5236.0,2,5,0.0,0.0,0.625,0.390625,-0.125
3,5236.0,2,5,0.0,0.0,0.625,0.390625,-0.125
4,5236.0,2,5,0.0,0.0,0.625,0.390625,-0.125
5,5236.0,2,5,0.0,0.0,0.625,0.390625,-0.125
6,5236.0,2,5,1.0,0.0,0.625,0.390625,-0.125
0,5236.0,3,5,0.0,0.0,0.625,0.390625,-0.125
1,5236.0,3,5,1.0,0.0,0.625,0.390625,-0.125
0,5236.0,4,5,0.0,0.25,0.625,0.390625,0.25
1,5236.0,4,5,1.0,0.25,0.625,0.390625,0.25
0,5236.0,9,5,0.0,0.25,0.625,0.390625,0.125
0,5236.0,10,5,0.0,0.666666666667,0.625,0.390625,0.5
0,5438.0,3,5,0.0,0.0,1.0,1.0,0.0
1,5438.0,3,5,1.0,0.0,1.0,1.0,0.0
0,5441.0,17,5,1.0,0.0,1.0,1.0,0.0
0,5441.0,18,5,0.0,0.5,1.0,1.0,0.2
0,5441.0,19,5,0.0,0.5,1.0,1.0,0.2
0,5441.0,118,5,1.0,0.666666666667,1.0,1.0,0.4
0,5441.0,164,5,1.0,0.0,0.833333333333,0.694444444444,-0.166666666667
0,5441.0,165,5,0.0,0.666666666667,0.833333333333,0.694444444444,0.333333333333
1,5441.0,165,5,0.0,0.666666666667,0.833333333333,0.694444444444,0.333333333333
2,5441.0,165,5,0.0,0.666666666667,0.833333333333,0.694444444444,0.333333333333
3,5441.0,165,5,0.0,0.666666666667,0.833333333333,0.694444444444,0.333333333333
0,5441.0,166,5,0.0,0.666666666667,0.833333333333,0.694444444444,0.333333333333
1,5441.0,166,5,0.0,0.666666666667,0.833333333333,0.694444444444,0.333333333333
0,5441.0,258,5,0.0,0.666666666667,0.833333333333,0.694444444444,0.166666666667
1,5441.0,258,5,0.0,0.666666666667,0.833333333333,0.694444444444,0.166666666667
0,5441.0,366,5,0.0,0.666666666667,0.833333333333,0.694444444444,0.166666666667
1,5441.0,366,5,0.0,0.666666666667,0.833333333333,0.694444444444,0.166666666667
0,5511.0,22,5,1.0,0.0,1.0,1.0,0.0
0,5511.0,23,5,0.0,0.0,1.0,1.0,0.0
0,5534.0,14,5,1.0,0.0,1.0,1.0,0.0
0,5641.0,8,5,0.0,0.666666666667,1.0,1.0,0.8
0,5641.0,9,5,0.0,0.0,1.0,1.0,0.0
0,5792.0,0,5,0.0,0.0,0.833333333333,0.694444444444,0.0
1,5792.0,0,5,0.0,0.0,0.833333333333,0.694444444444,0.0
2,5792.0,0,5,0.0,0.0,0.833333333333,0.694444444444,0.0
3,5792.0,0,5,0.0,0.0,0.833333333333,0.694444444444,0.0
4,5792.0,0,5,0.0,0.0,0.833333333333,0.694444444444,0.0
5,5792.0,0,5,0.0,0.0,0.833333333333,0.694444444444,0.0
6,5792.0,0,5,0.0,0.0,0.833333333333,0.694444444444,0.0
7,5792.0,0,5,1.0,0.0,0.833333333333,0.694444444444,0.0
8,5792.0,0,5,1.0,0.0,0.833333333333,0.694444444444,0.0
0,5792.0,1,5,0.0,0.0,0.833333333333,0.694444444444,0.0
0,5796.0,144,5,0.0,0.0,1.0,1.0,0.0
1,5796.0,144,5,0.0,0.0,1.0,1.0,0.0
2,5796.0,144,5,0.0,0.0,1.0,1.0,0.0
0,5856.0,3,5,0.0,0.0,1.0,1.0,0.0
0,5856.0,4,5,0.0,0.0,1.0,1.0,0.0
0,6927.0,21,5,0.0,0.0,1.0,1.0,0.0
0,6927.0,195,5,0.0,0.0,0.833333333333,0.694444444444,0.0
0,6948.0,0,5,0.0,0.0,1.0,1.0,0.0
1,6948.0,0,5,0.0,0.0,1.0,1.0,0.0
2,6948.0,0,5,0.0,0.0,1.0,1.0,0.0
3,6948.0,0,5,0.0,0.0,1.0,1.0,0.0
4,6948.0,0,5,0.0,0.0,1.0,1.0,0.0
5,6948.0,0,5,0.0,0.0,1.0,1.0,0.0
6,6948.0,0,5,0.0,0.0,1.0,1.0,0.0
7,6948.0,0,5,1.0,0.0,1.0,1.0,0.0
0,6948.0,1,5,0.0,0.0,1.0,1.0,0.0
1,6948.0,1,5,0.0,0.0,1.0,1.0,0.0
2,6948.0,1,5,0.0,0.0,1.0,1.0,0.0
3,6948.0,1,5,0.0,0.0,1.0,1.0,0.0
0,6948.0,5,5,0.0,0.0,1.0,1.0,0.0
0,6948.0,7,5,0.0,0.0,1.0,1.0,0.0
0,6948.0,39,5,0.0,0.0,1.0,1.0,0.0
0,7043.0,7,5,0.0,0.0,1.0,1.0,0.0
0,7043.0,8,5,0.0,0.0,1.0,1.0,0.0
0,7043.0,12,5,0.0,0.0,1.0,1.0,0.0
0,7043.0,297,5,0.0,0.0,1.0,1.0,0.0
0,7043.0,403,5,1.0,0.0,0.833333333333,0.694444444444,0.0
0,7043.0,408,5,0.0,0.0,0.833333333333,0.694444444444,0.0
0,7075.0,445,5,0.0,0.0,1.0,1.0,0.0
0,7075.0,451,5,0.0,0.0,1.0,1.0,0.0
0,7075.0,457,5,0.0,0.0,0.833333333333,0.694444444444,0.0
0,7091.0,2,5,0.0,0.0,1.0,1.0,0.0
1,7091.0,2,5,0.0,0.0,1.0,1.0,0.0
2,7091.0,2,5,0.0,0.0,1.0,1.0,0.0
3,7091.0,2,5,0.0,0.0,1.0,1.0,0.0
0,7091.0,3,5,0.0,0.0,1.0,1.0,0.0
0,7091.0,14,5,0.0,0.0,1.0,1.0,0.0
0,7091.0,18,5,0.0,0.0,1.0,1.0,0.0
0,7120.0,10,5,0.0,0.0,1.0,1.0,0.0
1,7120.0,10,5,0.0,0.0,1.0,1.0,0.0
2,7120.0,10,5,0.0,0.0,1.0,1.0,0.0
0,7120.0,11,5,0.0,0.0,1.0,1.0,0.0
0,8161.0,7,5,1.0,0.0,1.0,1.0,0.0
0,8161.0,8,5,0.0,0.0,1.0,1.0,0.0
1,8161.0,8,5,0.0,0.0,1.0,1.0,0.0
0,8161.0,12,5,0.0,0.0,0.833333333333,0.694444444444,0.0
0,8161.0,13,5,0.0,0.0,0.833333333333,0.694444444444,0.0
0,8235.0,36,5,0.0,0.0,1.0,1.0,0.0
0,8318.0,5,5,0.0,0.0,1.0,1.0,0.0
0,8318.0,32,5,0.0,0.0,0.833333333333,0.694444444444,0.0
0,8492.0,232,5,0.0,0.0,0.833333333333,0.694444444444,0.0
1,8492.0,232,5,1.0,0.0,0.833333333333,0.694444444444,0.0
0,8492.0,233,5,0.0,0.666666666667,0.833333333333,0.694444444444,0.333333333333
1,8492.0,233,5,0.0,0.666666666667,0.833333333333,0.694444444444,0.333333333333
0,8492.0,234,5,0.0,0.666666666667,0.833333333333,0.694444444444,0.333333333333
0,8492.0,250,5,0.0,0.666666666667,0.833333333333,0.694444444444,0.333333333333
0,8492.0,372,5,0.0,0.666666666667,0.714285714286,0.510204081633,0.285714285714
0,8492.0,373,5,0.0,0.5,0.714285714286,0.510204081633,0.142857142857
0,8564.0,2,5,0.0,0.0,1.0,1.0,0.0
1,8564.0,2,5,0.0,0.0,1.0,1.0,0.0
2,8564.0,2,5,0.0,0.0,1.0,1.0,0.0
3,8564.0,2,5,0.0,0.0,1.0,1.0,0.0
4,8564.0,2,5,0.0,0.0,1.0,1.0,0.0
5,8564.0,2,5,0.0,0.0,1.0,1.0,0.0
6,8564.0,2,5,0.0,0.0,1.0,1.0,0.0
7,8564.0,2,5,1.0,0.0,1.0,1.0,0.0
0,8749.0,139,5,0.0,0.0,1.0,1.0,0.0
0,8749.0,140,5,0.0,0.0,1.0,1.0,0.0
0,8749.0,283,5,0.0,0.0,1.0,1.0,0.0
0,8749.0,289,5,0.0,0.0,1.0,1.0,0.0
0,8749.0,398,5,1.0,0.0,0.833333333333,0.694444444444,0.0
0,8799.0,7,5,0.0,0.0,1.0,1.0,0.0
1,8799.0,7,5,1.0,0.0,1.0,1.0,0.0
0,8799.0,8,5,0.0,0.666666666667,1.0,1.0,0.4
1,8799.0,8,5,0.0,0.666666666667,1.0,1.0,0.4
0,8799.0,9,5,0.0,0.666666666667,0.833333333333,0.694444444444,0.333333333333
0,8799.0,16,5,0.0,0.666666666667,0.714285714286,0.510204081633,0.285714285714
1,8799.0,16,5,0.0,0.666666666667,0.714285714286,0.510204081633,0.285714285714
2,8799.0,16,5,0.0,0.666666666667,0.714285714286,0.510204081633,0.285714285714
3,8799.0,16,5,0.0,0.666666666667,0.714285714286,0.510204081633,0.285714285714
0,8799.0,17,5,0.0,0.666666666667,0.625,0.390625,0.125
1,8799.0,17,5,0.0,0.666666666667,0.625,0.390625,0.125
2,8799.0,17,5,0.0,0.666666666667,0.625,0.390625,0.125
3,8799.0,17,5,0.0,0.666666666667,0.625,0.390625,0.125
0,8799.0,21,5,0.0,0.666666666667,0.625,0.390625,0.125
0,8799.0,22,5,0.0,0.666666666667,0.555555555556,0.308641975309,0.111111111111
0,8799.0,23,5,0.0,0.5,0.555555555556,0.308641975309,0.0
1,8799.0,23,5,0.0,0.5,0.555555555556,0.308641975309,0.0
0,8799.0,37,5,0.0,0.5,0.555555555556,0.308641975309,-0.111111111111
0,8799.0,45,5,0.0,0.5,0.5,0.25,-0.1
0,8799.0,260,5,0.0,0.5,0.454545454545,0.206611570248,-0.0909090909091
0,8799.0,262,5,0.0,0.5,0.454545454545,0.206611570248,-0.0909090909091
0,8799.0,272,5,0.0,0.5,0.454545454545,0.206611570248,-0.0909090909091
0,9897.0,363,5,0.0,0.0,1.0,1.0,0.0
0,9897.0,364,5,0.0,0.0,1.0,1.0,0.0
0,9897.0,367,5,0.0,0.0,0.833333333333,0.694444444444,0.0
0,10146.0,9,5,0.0,0.0,1.0,1.0,0.0
0,10146.0,14,5,0.0,0.0,0.833333333333,0.694444444444,0.0
0,10178.0,302,5,0.0,0.0,1.0,1.0,0.0
0,10178.0,304,5,0.0,0.0,1.0,1.0,0.0
0,10283.0,0,5,0.0,0.0,1.0,1.0,0.0
1,10283.0,0,5,0.0,0.0,1.0,1.0,0.0
2,10283.0,0,5,0.0,0.0,1.0,1.0,0.0
3,10283.0,0,5,0.0,0.0,1.0,1.0,0.0
4,10283.0,0,5,0.0,0.0,1.0,1.0,0.0
5,10283.0,0,5,0.0,0.0,1.0,1.0,0.0
6,10283.0,0,5,0.0,0.0,1.0,1.0,0.0
7,10283.0,0,5,0.0,0.0,1.0,1.0,0.0
8,10283.0,0,5,0.0,0.0,1.0,1.0,0.0
9,10283.0,0,5,1.0,0.0,1.0,1.0,0.0
0,10539.0,3,5,0.0,0.0,0.833333333333,0.694444444444,0.0
1,10539.0,3,5,1.0,0.0,0.833333333333,0.694444444444,0.0
0,10562.0,5,5,0.0,0.0,1.0,1.0,0.0
1,10562.0,5,5,0.0,0.0,1.0,1.0,0.0
2,10562.0,5,5,0.0,0.0,1.0,1.0,0.0
3,10562.0,5,5,0.0,0.0,1.0,1.0,0.0
0,10580.0,54,5,0.0,0.0,0.833333333333,0.694444444444,0.0
1,10580.0,54,5,1.0,0.0,0.833333333333,0.694444444444,0.0
0,10580.0,55,5,0.0,0.0,0.833333333333,0.694444444444,0.0
0,11852.0,2,5,0.0,0.0,1.0,1.0,0.0
1,11852.0,2,5,0.0,0.0,1.0,1.0,0.0
0,11882.0,119,5,0.0,0.0,0.833333333333,0.694444444444,-0.166666666667
1,11882.0,119,5,0.0,0.0,0.833333333333,0.694444444444,-0.166666666667
2,11882.0,119,5,0.0,0.0,0.833333333333,0.694444444444,-0.166666666667
3,11882.0,119,5,0.0,0.0,0.833333333333,0.694444444444,-0.166666666667
4,11882.0,119,5,1.0,0.0,0.833333333333,0.694444444444,-0.166666666667
0,11882.0,120,5,0.0,0.0,0.833333333333,0.694444444444,-0.166666666667
0,12049.0,30,5,0.0,0.0,1.0,1.0,0.0
0,12126.0,93,5,0.0,0.0,0.833333333333,0.694444444444,0.0
1,12126.0,93,5,0.0,0.0,0.833333333333,0.694444444444,0.0
0,12126.0,94,5,0.0,0.0,0.833333333333,0.694444444444,0.0
0,12343.0,6,5,0.0,0.0,1.0,1.0,0.0
0,12343.0,7,5,0.0,0.0,1.0,1.0,0.0
0,12343.0,86,5,0.0,0.0,0.833333333333,0.694444444444,0.0
0,12433.0,8,5,0.0,0.0,1.0,1.0,0.0
0,12433.0,9,5,0.0,0.0,1.0,1.0,0.0
0,12489.0,3,5,0.0,0.0,1.0,1.0,0.0
1,12489.0,3,5,0.0,0.0,1.0,1.0,0.0
0,12489.0,4,5,0.0,0.0,1.0,1.0,0.0
0,12489.0,14,5,0.0,0.0,1.0,1.0,0.0
0,12685.0,1,5,0.0,0.0,1.0,1.0,0.0
1,12685.0,1,5,0.0,0.0,1.0,1.0,0.0
2,12685.0,1,5,0.0,0.0,1.0,1.0,0.0
3,12685.0,1,5,0.0,0.0,1.0,1.0,0.0
4,12685.0,1,5,0.0,0.0,1.0,1.0,0.0
5,12685.0,1,5,0.0,0.0,1.0,1.0,0.0
6,12685.0,1,5,0.0,0.0,1.0,1.0,0.0
7,12685.0,1,5,0.0,0.0,1.0,1.0,0.0
8,12685.0,1,5,1.0,0.0,1.0,1.0,0.0
9,12685.0,1,5,1.0,0.0,1.0,1.0,0.0
0,12685.0,2,5,0.0,0.0,1.0,1.0,0.0
1,12685.0,2,5,0.0,0.0,1.0,1.0,0.0
2,12685.0,2,5,0.0,0.0,1.0,1.0,0.0
3,12685.0,2,5,0.0,0.0,1.0,1.0,0.0
4,12685.0,2,5,0.0,0.0,1.0,1.0,0.0
0,12685.0,3,5,0.0,0.0,1.0,1.0,0.0
1,12685.0,3,5,0.0,0.0,1.0,1.0,0.0
0,12685.0,5,5,1.0,0.0,0.833333333333,0.694444444444,0.0
1,12685.0,5,5,1.0,0.0,0.833333333333,0.694444444444,0.0
0,12685.0,6,5,0.0,0.666666666667,0.833333333333,0.694444444444,0.5
0,12685.0,7,5,0.0,0.666666666667,0.833333333333,0.694444444444,0.5
1,12685.0,7,5,0.0,0.666666666667,0.833333333333,0.694444444444,0.5
2,12685.0,7,5,0.0,0.666666666667,0.833333333333,0.694444444444,0.5
0,12742.0,2,5,0.0,0.0,1.0,1.0,0.0
1,12742.0,2,5,1.0,0.0,1.0,1.0,0.0
0,12742.0,3,5,0.0,0.0,1.0,1.0,0.0
0,12879.0,64,5,0.0,0.0,1.0,1.0,0.0
1,12879.0,64,5,0.0,0.0,1.0,1.0,0.0
0,12879.0,65,5,0.0,0.0,1.0,1.0,0.0
0,13198.0,7,5,0.0,0.0,1.0,1.0,0.0
1,13198.0,7,5,0.0,0.0,1.0,1.0,0.0
2,13198.0,7,5,1.0,0.0,1.0,1.0,0.0
0,13198.0,8,5,0.0,0.0,1.0,1.0,0.0
1,13198.0,8,5,0.0,0.0,1.0,1.0,0.0
0,13198.0,13,5,0.0,0.0,1.0,1.0,0.0
0,13198.0,19,5,0.0,0.0,1.0,1.0,0.0
0,13198.0,49,5,0.0,0.0,1.0,1.0,0.0
0,13445.0,13,5,0.0,0.0,0.833333333333,0.694444444444,0.0
1,13445.0,13,5,1.0,0.0,0.833333333333,0.694444444444,0.0
0,13445.0,14,5,0.0,0.0,0.833333333333,0.694444444444,0.0
0,13445.0,17,5,0.0,0.0,0.833333333333,0.694444444444,0.0
0,13445.0,18,5,0.0,0.0,0.833333333333,0.694444444444,0.0
0,13454.0,12,5,0.0,0.0,1.0,1.0,0.0
1,13454.0,12,5,0.0,0.0,1.0,1.0,0.0
2,13454.0,12,5,1.0,0.0,1.0,1.0,0.0
0,13454.0,13,5,0.0,0.0,1.0,1.0,0.0
1,13454.0,13,5,0.0,0.0,1.0,1.0,0.0
2,13454.0,13,5,0.0,0.0,1.0,1.0,0.0
3,13454.0,13,5,0.0,0.0,1.0,1.0,0.0
0,13454.0,16,5,0.0,0.0,1.0,1.0,0.0
0,13606.0,40,5,0.0,0.0,1.0,1.0,0.0
0,14809.0,6,5,0.0,0.0,1.0,1.0,0.0
1,14809.0,6,5,0.0,0.0,1.0,1.0,0.0
2,14809.0,6,5,0.0,0.0,1.0,1.0,0.0
3,14809.0,6,5,0.0,0.0,1.0,1.0,0.0
4,14809.0,6,5,0.0,0.0,1.0,1.0,0.0
0,14809.0,7,5,0.0,0.0,1.0,1.0,0.0
1,14809.0,7,5,0.0,0.0,1.0,1.0,0.0
2,14809.0,7,5,0.0,0.0,1.0,1.0,0.0
0,14861.0,3,5,0.0,0.0,0.833333333333,0.694444444444,0.0
1,14861.0,3,5,1.0,0.0,0.833333333333,0.694444444444,0.0
0,14861.0,4,5,0.0,0.0,0.833333333333,0.694444444444,0.0
1,14861.0,4,5,0.0,0.0,0.833333333333,0.694444444444,0.0
2,14861.0,4,5,0.0,0.0,0.833333333333,0.694444444444,0.0
0,14861.0,85,5,0.0,0.0,0.833333333333,0.694444444444,0.0
0,15067.0,1,5,0.0,0.0,1.0,1.0,0.0
1,15067.0,1,5,0.0,0.0,1.0,1.0,0.0
2,15067.0,1,5,0.0,0.0,1.0,1.0,0.0
0,15089.0,64,5,0.0,0.0,1.0,1.0,0.0
0,15227.0,4,5,0.0,0.0,1.0,1.0,0.0
1,15227.0,4,5,0.0,0.0,1.0,1.0,0.0
2,15227.0,4,5,0.0,0.0,1.0,1.0,0.0
3,15227.0,4,5,1.0,0.0,1.0,1.0,0.0
0,15227.0,5,5,0.0,0.0,1.0,1.0,0.0
1,15227.0,5,5,0.0,0.0,1.0,1.0,0.0
0,15227.0,9,5,0.0,0.0,0.833333333333,0.694444444444,0.0
0,15227.0,10,5,0.0,0.0,0.833333333333,0.694444444444,0.0
0,15227.0,24,5,1.0,0.0,0.714285714286,0.510204081633,0.0
0,15261.0,3,5,0.0,0.0,0.833333333333,0.694444444444,0.0
1,15261.0,3,5,1.0,0.0,0.833333333333,0.694444444444,0.0
0,15261.0,4,5,0.0,0.0,0.833333333333,0.694444444444,0.0
1,15261.0,4,5,0.0,0.0,0.833333333333,0.694444444444,0.0
0,15261.0,17,5,0.0,0.0,0.833333333333,0.694444444444,0.0
0,15261.0,21,5,0.0,0.0,0.833333333333,0.694444444444,0.0
0,15261.0,29,5,0.0,0.0,0.833333333333,0.694444444444,0.0
0,15508.0,0,5,0.0,0.0,1.0,1.0,0.0
1,15508.0,0,5,0.0,0.0,1.0,1.0,0.0
2,15508.0,0,5,0.0,0.0,1.0,1.0,0.0
3,15508.0,0,5,0.0,0.0,1.0,1.0,0.0
4,15508.0,0,5,0.0,0.0,1.0,1.0,0.0
5,15508.0,0,5,0.0,0.0,1.0,1.0,0.0
6,15508.0,0,5,0.0,0.0,1.0,1.0,0.0
7,15508.0,0,5,0.0,0.0,1.0,1.0,0.0
8,15508.0,0,5,0.0,0.0,1.0,1.0,0.0
9,15508.0,0,5,0.0,0.0,1.0,1.0,0.0
10,15508.0,0,5,1.0,0.0,1.0,1.0,0.0
0,15508.0,1,5,0.0,0.0,1.0,1.0,0.0
1,15508.0,1,5,0.0,0.0,1.0,1.0,0.0
2,15508.0,1,5,0.0,0.0,1.0,1.0,0.0
3,15508.0,1,5,0.0,0.0,1.0,1.0,0.0
0,15508.0,2,5,0.0,0.0,1.0,1.0,0.0
0,15543.0,1,5,0.0,0.0,1.0,1.0,0.0
1,15543.0,1,5,0.0,0.0,1.0,1.0,0.0
2,15543.0,1,5,0.0,0.0,1.0,1.0,0.0
3,15543.0,1,5,0.0,0.0,1.0,1.0,0.0
4,15543.0,1,5,0.0,0.0,1.0,1.0,0.0
5,15543.0,1,5,1.0,0.0,1.0,1.0,0.0
0,15543.0,2,5,0.0,0.0,0.833333333333,0.694444444444,0.0
1,15543.0,2,5,0.0,0.0,0.833333333333,0.694444444444,0.0
2,15543.0,2,5,0.0,0.0,0.833333333333,0.694444444444,0.0
3,15543.0,2,5,0.0,0.0,0.833333333333,0.694444444444,0.0
4,15543.0,2,5,0.0,0.0,0.833333333333,0.694444444444,0.0
5,15543.0,2,5,0.0,0.0,0.833333333333,0.694444444444,0.0
6,15543.0,2,5,0.0,0.0,0.833333333333,0.694444444444,0.0
7,15543.0,2,5,0.0,0.0,0.833333333333,0.694444444444,0.0
8,15543.0,2,5,0.0,0.0,0.833333333333,0.694444444444,0.0
9,15543.0,2,5,0.0,0.0,0.833333333333,0.694444444444,0.0
10,15543.0,2,5,0.0,0.0,0.833333333333,0.694444444444,0.0
0,15543.0,3,5,0.0,0.0,0.833333333333,0.694444444444,-0.166666666667
1,15543.0,3,5,0.0,0.0,0.833333333333,0.694444444444,-0.166666666667
2,15543.0,3,5,0.0,0.0,0.833333333333,0.694444444444,-0.166666666667
3,15543.0,3,5,0.0,0.0,0.833333333333,0.694444444444,-0.166666666667
4,15543.0,3,5,0.0,0.0,0.833333333333,0.694444444444,-0.166666666667
5,15543.0,3,5,0.0,0.0,0.833333333333,0.694444444444,-0.166666666667
6,15543.0,3,5,0.0,0.0,0.833333333333,0.694444444444,-0.166666666667
7,15543.0,3,5,0.0,0.0,0.833333333333,0.694444444444,-0.166666666667
8,15543.0,3,5,0.0,0.0,0.833333333333,0.694444444444,-0.166666666667
9,15543.0,3,5,0.0,0.0,0.833333333333,0.694444444444,-0.166666666667
10,15543.0,3,5,0.0,0.0,0.833333333333,0.694444444444,-0.166666666667
11,15543.0,3,5,0.0,0.0,0.833333333333,0.694444444444,-0.166666666667
12,15543.0,3,5,0.0,0.0,0.833333333333,0.694444444444,-0.166666666667
13,15543.0,3,5,0.0,0.0,0.833333333333,0.694444444444,-0.166666666667
0,15543.0,4,5,0.0,0.5,0.833333333333,0.694444444444,0.0
1,15543.0,4,5,0.0,0.5,0.833333333333,0.694444444444,0.0
2,15543.0,4,5,0.0,0.5,0.833333333333,0.694444444444,0.0
3,15543.0,4,5,0.0,0.5,0.833333333333,0.694444444444,0.0
4,15543.0,4,5,0.0,0.5,0.833333333333,0.694444444444,0.0
5,15543.0,4,5,1.0,0.5,0.833333333333,0.694444444444,0.0
0,15543.0,5,5,0.0,0.5,0.833333333333,0.694444444444,0.0
0,15554.0,2,5,0.0,0.0,1.0,1.0,0.0
1,15554.0,2,5,0.0,0.0,1.0,1.0,0.0
2,15554.0,2,5,0.0,0.0,1.0,1.0,0.0
3,15554.0,2,5,0.0,0.0,1.0,1.0,0.0
4,15554.0,2,5,0.0,0.0,1.0,1.0,0.0
5,15554.0,2,5,0.0,0.0,1.0,1.0,0.0
6,15554.0,2,5,0.0,0.0,1.0,1.0,0.0
7,15554.0,2,5,1.0,0.0,1.0,1.0,0.0
0,15554.0,3,5,0.0,0.0,1.0,1.0,0.0
0,15569.0,2,5,0.0,0.0,1.0,1.0,0.0
1,15569.0,2,5,0.0,0.0,1.0,1.0,0.0
2,15569.0,2,5,0.0,0.0,1.0,1.0,0.0
3,15569.0,2,5,0.0,0.0,1.0,1.0,0.0
4,15569.0,2,5,0.0,0.0,1.0,1.0,0.0
5,15569.0,2,5,0.0,0.0,1.0,1.0,0.0
6,15569.0,2,5,0.0,0.0,1.0,1.0,0.0
7,15569.0,2,5,1.0,0.0,1.0,1.0,0.0
