,QuestionId,AnsRank,Ans_count,AnsId,Age_vot,Votes,ReScore,Norm_Pos,Norm_Pos_2,Norm_DRank,index
0,1.0,2,4,4,1,1.0,0.0,0.5,0.25,0.0,1
1,1.0,3,4,5,1,1.0,0.0,0.75,0.5625,0.0,1
2,1.0,4,4,210,1,1.0,0.0,1.0,1.0,0.0,1
3,1.0,1,4,56,2,1.0,0.666666666667,0.25,0.0625,0.0,2
4,1.0,2,4,210,2,1.0,0.0,0.5,0.25,0.0,2
5,1.0,1,4,56,5,1.0,0.833333333333,0.25,0.0625,0.0,3
6,1.0,1,4,56,8,1.0,0.857142857143,0.25,0.0625,0.0,4
7,7.0,1,4,16,4,1.0,0.833333333333,0.25,0.0625,0.0,50
8,7.0,2,4,42,4,1.0,0.75,0.5,0.25,0.0,50
9,7.0,4,4,17,4,1.0,0.0,1.0,1.0,0.0,50
10,7.0,1,4,42,5,1.0,0.8,0.25,0.0625,-0.25,51
11,7.0,2,4,17,5,1.0,0.0,0.5,0.25,-0.25,51
12,7.0,1,4,42,11,1.0,0.833333333333,0.25,0.0625,-0.25,52
13,7.0,2,4,127,11,1.0,0.5,0.5,0.25,-0.25,52
14,7.0,3,4,16,11,1.0,0.857142857143,0.75,0.5625,0.5,52
15,7.0,1,4,42,12,1.0,0.857142857143,0.25,0.0625,0.0,53
16,7.0,1,4,42,45,1.0,0.875,0.25,0.0625,0.0,54
17,7.0,1,4,42,75,1.0,0.888888888889,0.25,0.0625,0.0,55
18,7.0,1,4,42,135,1.0,0.9,0.25,0.0625,0.0,56
19,7.0,1,4,17,140,1.0,0.5,0.25,0.0625,-0.5,57
20,7.0,1,4,42,158,1.0,0.909090909091,0.25,0.0625,0.0,58
21,7.0,1,4,42,336,1.0,0.916666666667,0.25,0.0625,0.0,59
22,18.0,3,4,1382,62,1.0,0.0,0.75,0.5625,0.0,99
23,18.0,1,4,33,63,1.0,0.916666666667,0.25,0.0625,0.0,100
24,18.0,2,4,1382,63,1.0,0.0,0.5,0.25,-0.25,100
25,18.0,2,4,24,140,1.0,0.75,0.5,0.25,0.0,101
26,18.0,2,4,24,158,1.0,0.8,0.5,0.25,0.0,102
27,18.0,1,4,33,159,1.0,0.923076923077,0.25,0.0625,0.0,103
28,18.0,1,4,33,167,1.0,0.928571428571,0.25,0.0625,0.0,104
29,18.0,2,4,24,254,1.0,0.833333333333,0.5,0.25,0.0,105
30,18.0,2,4,24,259,1.0,0.857142857143,0.5,0.25,0.0,106
31,21.0,3,4,2912,323,1.0,0.0,0.75,0.5625,0.0,118
32,21.0,2,4,2912,324,1.0,0.0,0.5,0.25,-0.25,119
33,22.0,3,4,792,1340,1.0,0.0,0.75,0.5625,-0.25,141
34,22.0,1,4,46,1341,1.0,0.8125,0.25,0.0625,-0.25,142
35,22.0,2,4,76,1341,1.0,0.625,0.5,0.25,-0.25,142
36,22.0,4,4,792,1341,1.0,0.0,1.0,1.0,0.0,142
37,22.0,2,4,90,1372,1.0,0.875,0.5,0.25,0.25,143
38,22.0,3,4,76,1372,1.0,0.7,0.75,0.5625,0.0,143
39,22.0,1,4,46,1373,1.0,0.833333333333,0.25,0.0625,-0.25,144
40,22.0,2,4,90,1413,1.0,0.909090909091,0.5,0.25,0.25,145
41,25.0,1,4,67,5,1.0,0.5,0.25,0.0625,0.0,149
42,25.0,2,4,49,5,1.0,0.0,0.5,0.25,0.0,149
43,25.0,1,4,67,6,1.0,0.666666666667,0.25,0.0625,0.0,150
44,25.0,2,4,49,6,1.0,0.0,0.5,0.25,0.0,150
45,25.0,1,4,67,30,1.0,0.75,0.25,0.0625,0.0,151
46,25.0,2,4,49,30,1.0,0.5,0.5,0.25,0.0,151
47,25.0,2,4,49,85,1.0,0.666666666667,0.5,0.25,0.0,152
48,28.0,4,4,168,12,1.0,0.0,1.0,1.0,0.0,180
49,28.0,4,4,168,13,1.0,0.0,1.0,1.0,0.0,181
50,28.0,1,4,41,16,1.0,0.9,0.25,0.0625,0.0,182
51,28.0,1,4,41,28,1.0,0.909090909091,0.25,0.0625,0.0,183
52,28.0,1,4,41,29,1.0,0.916666666667,0.25,0.0625,0.0,184
53,28.0,2,4,58,36,1.0,0.666666666667,0.5,0.25,0.0,185
54,28.0,2,4,58,49,1.0,0.75,0.5,0.25,0.0,186
55,28.0,1,4,41,120,1.0,0.923076923077,0.25,0.0625,0.0,187
56,28.0,1,4,41,121,1.0,0.928571428571,0.25,0.0625,0.0,188
57,28.0,1,4,41,158,1.0,0.933333333333,0.25,0.0625,0.0,189
58,34.0,3,4,1458,555,1.0,0.0,0.75,0.5625,0.0,233
59,34.0,2,4,1458,556,1.0,0.0,0.5,0.25,-0.25,234
60,34.0,1,4,37,1315,1.0,0.875,0.25,0.0625,0.0,235
61,34.0,1,4,37,1413,1.0,0.888888888889,0.25,0.0625,0.0,236
62,38.0,4,4,133,7,1.0,0.0,1.0,1.0,0.0,242
63,38.0,1,4,133,8,1.0,0.0,0.25,0.0625,-0.75,243
64,38.0,2,4,57,8,1.0,0.888888888889,0.5,0.25,0.25,243
65,38.0,1,4,57,30,1.0,0.909090909091,0.25,0.0625,0.0,245
66,38.0,1,4,57,163,1.0,0.923076923077,0.25,0.0625,0.0,246
67,44.0,4,4,3953,615,1.0,0.0,1.0,1.0,0.0,292
68,44.0,4,4,3953,616,1.0,0.0,1.0,1.0,0.0,293
69,44.0,1,4,55,739,1.0,0.971428571429,0.25,0.0625,0.0,294
70,44.0,2,4,53,739,1.0,0.85,0.5,0.25,0.0,294
71,44.0,1,4,55,768,1.0,0.972222222222,0.25,0.0625,0.0,295
72,44.0,1,4,55,771,1.0,0.972972972973,0.25,0.0625,0.0,296
73,44.0,2,4,53,835,1.0,0.857142857143,0.5,0.25,0.0,297
74,44.0,1,4,55,858,1.0,0.973684210526,0.25,0.0625,0.0,298
75,44.0,1,4,55,987,1.0,0.974358974359,0.25,0.0625,0.0,299
76,44.0,1,4,55,1030,1.0,0.975,0.25,0.0625,0.0,300
77,44.0,1,4,55,1045,1.0,0.975609756098,0.25,0.0625,0.0,301
78,44.0,1,4,55,1069,1.0,0.97619047619,0.25,0.0625,0.0,302
79,44.0,1,4,55,1084,1.0,0.976744186047,0.25,0.0625,0.0,303
80,44.0,1,4,55,1085,1.0,0.977272727273,0.25,0.0625,0.0,304
81,44.0,1,4,55,1184,1.0,0.977777777778,0.25,0.0625,0.0,305
82,44.0,1,4,55,1330,1.0,0.978260869565,0.25,0.0625,0.0,306
83,44.0,2,4,53,1330,1.0,0.863636363636,0.5,0.25,0.0,306
84,44.0,1,4,55,1334,1.0,0.978723404255,0.25,0.0625,0.0,307
85,44.0,4,4,3953,1337,1.0,-0.5,1.0,1.0,0.0,308
86,44.0,1,4,55,1339,1.0,0.979166666667,0.25,0.0625,0.0,309
87,44.0,1,4,55,1340,1.0,0.979591836735,0.25,0.0625,0.0,310
88,63.0,2,4,73,0,1.0,0.0,0.5,0.25,0.0,335
89,63.0,3,4,77,0,1.0,0.0,0.75,0.5625,0.0,335
90,63.0,4,4,75,0,1.0,0.0,1.0,1.0,0.0,335
91,63.0,2,4,75,1,1.0,0.0,0.5,0.25,0.0,336
92,63.0,4,4,77,1,1.0,0.0,1.0,1.0,0.0,336
93,63.0,1,4,65,2,1.0,0.75,0.25,0.0625,0.0,337
94,63.0,1,4,65,3,1.0,0.833333333333,0.25,0.0625,0.0,338
95,64.0,1,4,68,0,1.0,0.0,0.25,0.0625,0.0,362
96,64.0,3,4,70,0,1.0,0.0,0.75,0.5625,0.0,362
97,64.0,4,4,71,0,1.0,0.0,1.0,1.0,0.0,362
98,64.0,1,4,72,1,1.0,0.0,0.25,0.0625,0.0,363
99,64.0,2,4,70,1,1.0,0.0,0.5,0.25,0.0,363
100,64.0,3,4,68,1,1.0,0.0,0.75,0.5625,0.0,363
101,64.0,4,4,71,1,1.0,0.0,1.0,1.0,0.0,363
102,94.0,1,4,822,24,1.0,0.0,0.25,0.0625,-0.25,484
103,108.0,2,4,112,1,1.0,0.0,0.5,0.25,0.0,495
104,108.0,4,4,170,1,1.0,0.0,1.0,1.0,0.0,495
105,108.0,1,4,166,2,1.0,0.0,0.25,0.0625,-0.25,496
106,108.0,3,4,170,2,1.0,0.0,0.75,0.5625,-0.25,496
107,108.0,4,4,119,2,1.0,0.5,1.0,1.0,0.75,496
108,108.0,1,4,166,3,1.0,0.833333333333,0.25,0.0625,0.0,497
109,108.0,1,4,166,11,1.0,0.857142857143,0.25,0.0625,0.0,498
110,108.0,2,4,112,18,1.0,0.666666666667,0.5,0.25,0.0,499
111,108.0,1,4,166,28,1.0,0.875,0.25,0.0625,0.0,500
112,108.0,1,4,166,29,1.0,0.888888888889,0.25,0.0625,0.0,501
113,108.0,2,4,119,37,1.0,0.25,0.5,0.25,-0.25,502
114,113.0,4,4,373,3,1.0,0.0,1.0,1.0,0.0,531
115,113.0,1,4,194,16,1.0,0.75,0.25,0.0625,0.0,532
116,123.0,3,4,2162,153,1.0,0.0,0.75,0.5625,-0.25,562
117,123.0,1,4,2162,156,1.0,0.5,0.25,0.0625,-0.25,564
118,134.0,3,4,171,3,1.0,0.0,0.75,0.5625,0.0,577
119,134.0,1,4,140,4,1.0,0.857142857143,0.25,0.0625,0.0,578
120,134.0,1,4,140,9,1.0,0.875,0.25,0.0625,0.0,579
121,134.0,1,4,140,129,1.0,0.888888888889,0.25,0.0625,0.0,580
122,134.0,1,4,140,167,1.0,0.9,0.25,0.0625,0.0,581
123,134.0,1,4,140,710,1.0,0.909090909091,0.25,0.0625,0.0,582
124,134.0,1,4,140,1395,1.0,0.916666666667,0.25,0.0625,0.0,583
125,134.0,1,4,140,1412,1.0,0.923076923077,0.25,0.0625,0.0,584
126,137.0,3,4,10594,1124,1.0,0.0,0.75,0.5625,0.0,629
127,137.0,2,4,184,1125,1.0,0.5,0.5,0.25,0.0,630
128,137.0,3,4,10594,1125,1.0,0.0,0.75,0.5625,0.0,630
129,137.0,1,4,191,1127,1.0,0.977777777778,0.25,0.0625,0.0,631
130,137.0,1,4,191,1155,1.0,0.978260869565,0.25,0.0625,0.0,632
131,137.0,1,4,191,1190,1.0,0.978723404255,0.25,0.0625,0.0,633
132,137.0,1,4,191,1269,1.0,0.979166666667,0.25,0.0625,0.0,634
133,137.0,1,4,191,1374,1.0,0.979591836735,0.25,0.0625,0.0,635
134,137.0,1,4,191,1380,1.0,0.98,0.25,0.0625,0.0,636
135,137.0,1,4,191,1421,1.0,0.980392156863,0.25,0.0625,0.0,637
136,137.0,1,4,191,1492,1.0,0.980769230769,0.25,0.0625,0.0,638
137,169.0,4,4,1277,55,1.0,0.0,1.0,1.0,0.0,675
138,169.0,3,4,1277,56,1.0,0.0,0.75,0.5625,0.0,676
139,169.0,1,4,186,927,1.0,0.916666666667,0.25,0.0625,0.0,677
140,172.0,3,4,203,3,1.0,0.0,0.75,0.5625,-0.25,681
141,172.0,1,4,175,4,1.0,0.875,0.25,0.0625,0.0,682
142,172.0,4,4,182,4,1.0,0.583333333333,1.0,1.0,0.5,682
143,172.0,1,4,175,15,1.0,0.888888888889,0.25,0.0625,0.0,683
144,172.0,4,4,176,31,1.0,0.75,1.0,1.0,0.5,684
145,172.0,2,4,182,43,1.0,0.615384615385,0.5,0.25,-0.25,685
146,172.0,1,4,175,58,1.0,0.9,0.25,0.0625,0.0,686
147,172.0,2,4,182,58,1.0,0.642857142857,0.5,0.25,-0.25,686
148,172.0,1,4,175,59,1.0,0.909090909091,0.25,0.0625,0.0,687
149,172.0,2,4,182,120,1.0,0.666666666667,0.5,0.25,-0.25,688
150,172.0,1,4,175,121,1.0,0.916666666667,0.25,0.0625,0.0,689
151,172.0,1,4,175,168,1.0,0.923076923077,0.25,0.0625,0.0,690
152,172.0,2,4,182,230,1.0,0.6875,0.5,0.25,-0.25,691
153,172.0,2,4,182,427,1.0,0.705882352941,0.5,0.25,-0.25,692
154,172.0,2,4,182,474,1.0,0.722222222222,0.5,0.25,-0.25,693
155,174.0,4,4,190,0,1.0,0.0,1.0,1.0,0.0,698
156,174.0,1,4,179,1,1.0,0.0,0.25,0.0625,0.0,699
157,174.0,2,4,177,1,1.0,0.0,0.5,0.25,0.0,699
158,174.0,3,4,190,1,1.0,0.0,0.75,0.5625,0.0,699
159,174.0,1,4,179,2,1.0,0.833333333333,0.25,0.0625,0.0,700
160,174.0,1,4,179,3,1.0,0.857142857143,0.25,0.0625,0.0,701
161,174.0,2,4,177,3,1.0,0.666666666667,0.5,0.25,0.0,701
162,174.0,2,4,177,7,1.0,0.75,0.5,0.25,0.0,702
163,174.0,1,4,179,8,1.0,0.875,0.25,0.0625,0.0,703
164,174.0,1,4,179,31,1.0,0.888888888889,0.25,0.0625,0.0,704
165,174.0,1,4,179,51,1.0,0.9,0.25,0.0625,0.0,705
166,174.0,2,4,177,69,1.0,0.8,0.5,0.25,0.0,706
167,174.0,2,4,177,1015,1.0,0.833333333333,0.5,0.25,0.0,707
168,236.0,4,4,238,2,1.0,0.0,1.0,1.0,0.0,831
169,236.0,2,4,238,3,1.0,0.0,0.5,0.25,-0.25,832
170,236.0,3,4,240,3,1.0,0.5,0.75,0.5625,0.5,832
171,236.0,1,4,241,7,1.0,0.8,0.25,0.0625,0.0,833
172,236.0,1,4,241,18,1.0,0.833333333333,0.25,0.0625,0.0,834
173,252.0,1,4,393,4,1.0,0.0,0.25,0.0625,-0.25,887
174,252.0,3,4,397,4,1.0,0.0,0.75,0.5625,0.0,887
175,252.0,1,4,393,5,1.0,0.75,0.25,0.0625,0.0,888
176,252.0,3,4,397,5,1.0,0.0,0.75,0.5625,0.0,888
177,252.0,1,4,393,6,1.0,0.8,0.25,0.0625,0.0,889
178,252.0,3,4,397,6,1.0,0.5,0.75,0.5625,0.0,889
179,252.0,1,4,393,23,1.0,0.833333333333,0.25,0.0625,0.0,890
180,252.0,1,4,393,28,1.0,0.857142857143,0.25,0.0625,0.0,891
181,292.0,1,4,294,194,1.0,0.875,0.25,0.0625,0.0,952
182,292.0,3,4,2368,194,1.0,0.0,0.75,0.5625,0.0,952
183,292.0,1,4,294,924,1.0,0.888888888889,0.25,0.0625,0.0,953
184,292.0,2,4,297,924,1.0,0.8,0.5,0.25,0.0,953
185,292.0,1,4,294,1188,1.0,0.9,0.25,0.0625,0.0,954
186,319.0,4,4,3132,384,1.0,0.0,1.0,1.0,0.0,1021
187,319.0,2,4,3079,545,1.0,0.666666666667,0.5,0.25,0.0,1022
188,322.0,3,4,8649,1159,1.0,0.0,0.75,0.5625,0.0,1029
189,323.0,3,4,409,3,1.0,0.0,0.75,0.5625,0.0,1033
190,323.0,1,4,327,4,1.0,0.833333333333,0.25,0.0625,0.0,1034
191,323.0,2,4,409,4,1.0,0.0,0.5,0.25,-0.25,1034
192,323.0,3,4,326,4,1.0,0.666666666667,0.75,0.5625,0.25,1034
193,323.0,1,4,327,71,1.0,0.875,0.25,0.0625,0.0,1035
194,323.0,1,4,327,72,1.0,0.888888888889,0.25,0.0625,0.0,1036
195,323.0,1,4,327,82,1.0,0.9,0.25,0.0625,0.0,1037
196,323.0,1,4,327,351,1.0,0.909090909091,0.25,0.0625,0.0,1038
197,323.0,1,4,327,659,1.0,0.916666666667,0.25,0.0625,0.0,1039
198,323.0,1,4,327,1110,1.0,0.923076923077,0.25,0.0625,0.0,1040
199,323.0,1,4,327,1323,1.0,0.928571428571,0.25,0.0625,0.0,1041
200,324.0,3,4,400,3,1.0,0.0,0.75,0.5625,0.0,1045
201,324.0,4,4,404,3,1.0,0.0,1.0,1.0,0.0,1045
202,324.0,3,4,400,4,1.0,0.0,0.75,0.5625,0.0,1046
203,324.0,4,4,404,4,1.0,0.0,1.0,1.0,0.0,1046
204,324.0,3,4,404,5,1.0,0.5,0.75,0.5625,0.0,1047
205,324.0,2,4,336,6,1.0,0.875,0.5,0.25,0.25,1048
206,324.0,3,4,400,6,1.0,0.5,0.75,0.5625,0.0,1048
207,324.0,1,4,329,33,1.0,0.857142857143,0.25,0.0625,-0.25,1049
208,324.0,1,4,329,42,1.0,0.875,0.25,0.0625,0.0,1050
209,324.0,1,4,329,46,1.0,0.888888888889,0.25,0.0625,0.0,1051
210,324.0,2,4,336,46,1.0,0.888888888889,0.5,0.25,0.0,1051
211,324.0,1,4,329,58,1.0,0.9,0.25,0.0625,0.0,1052
212,352.0,4,4,1945,105,1.0,0.0,1.0,1.0,0.0,1106
213,352.0,2,4,1945,106,1.0,0.0,0.5,0.25,-0.25,1107
214,362.0,4,4,1823,1004,1.0,0.0,1.0,1.0,0.0,1128
215,362.0,2,4,370,1005,1.0,0.857142857143,0.5,0.25,0.0,1129
216,432.0,3,4,639,7,1.0,0.0,0.75,0.5625,0.0,1243
217,432.0,4,4,640,7,1.0,0.0,1.0,1.0,0.0,1243
218,432.0,1,4,436,76,1.0,0.75,0.25,0.0625,0.0,1244
219,441.0,1,4,442,0,1.0,0.0,0.25,0.0625,0.0,1258
220,441.0,2,4,449,0,1.0,0.0,0.5,0.25,0.0,1258
221,441.0,3,4,444,0,1.0,0.0,0.75,0.5625,0.0,1258
222,441.0,4,4,443,0,1.0,0.0,1.0,1.0,0.0,1258
223,457.0,4,4,15248,1441,1.0,0.0,1.0,1.0,0.0,1335
224,463.0,4,4,3525,1094,1.0,0.0,1.0,1.0,0.0,1343
225,463.0,2,4,467,1095,1.0,0.875,0.5,0.25,0.0,1344
226,468.0,1,4,469,2,1.0,0.8,0.25,0.0625,0.0,1347
227,468.0,2,4,474,2,1.0,0.666666666667,0.5,0.25,0.0,1347
228,468.0,3,4,571,2,1.0,0.0,0.75,0.5625,0.0,1347
229,468.0,2,4,571,3,1.0,0.0,0.5,0.25,-0.25,1348
230,468.0,2,4,571,6,1.0,0.5,0.5,0.25,-0.25,1349
231,468.0,1,4,469,52,1.0,0.857142857143,0.25,0.0625,0.0,1350
232,468.0,2,4,571,52,1.0,0.666666666667,0.5,0.25,0.0,1350
233,468.0,1,4,469,134,1.0,0.888888888889,0.25,0.0625,0.0,1351
234,468.0,2,4,571,218,1.0,0.75,0.5,0.25,0.0,1352
235,468.0,1,4,469,294,1.0,0.9,0.25,0.0625,0.0,1353
236,468.0,1,4,469,582,1.0,0.909090909091,0.25,0.0625,0.0,1354
237,468.0,1,4,469,648,1.0,0.916666666667,0.25,0.0625,0.0,1355
238,468.0,1,4,469,1057,1.0,0.923076923077,0.25,0.0625,0.0,1356
239,471.0,2,4,7106,953,1.0,0.0,0.5,0.25,-0.25,1369
240,480.0,2,4,2867,306,1.0,0.0,0.5,0.25,0.0,1388
241,480.0,2,4,2867,311,1.0,0.666666666667,0.5,0.25,0.25,1389
242,480.0,2,4,2867,317,1.0,0.75,0.5,0.25,0.25,1390
243,484.0,2,4,485,1,1.0,0.0,0.5,0.25,0.0,1396
244,484.0,4,4,520,1,1.0,0.0,1.0,1.0,0.0,1396
245,484.0,1,4,486,2,1.0,0.75,0.25,0.0625,0.0,1397
246,484.0,2,4,517,2,1.0,0.0,0.5,0.25,0.0,1397
247,484.0,3,4,485,2,1.0,0.0,0.75,0.5625,0.0,1397
248,484.0,4,4,520,2,1.0,0.0,1.0,1.0,0.0,1397
249,484.0,2,4,517,42,1.0,0.75,0.5,0.25,0.0,1398
250,536.0,1,4,13482,1355,1.0,0.0,0.25,0.0625,0.0,1504
251,536.0,2,4,13473,1355,1.0,0.0,0.5,0.25,0.0,1504
252,536.0,1,4,13482,1358,1.0,0.833333333333,0.25,0.0625,0.0,1507
253,536.0,1,4,13482,1359,1.0,0.875,0.25,0.0625,0.0,1508
254,539.0,2,4,13337,1334,1.0,0.0,0.5,0.25,-0.25,1524
255,541.0,4,4,714,7,1.0,0.0,1.0,1.0,0.0,1534
256,541.0,1,4,543,68,1.0,0.8,0.25,0.0625,0.0,1535
257,559.0,1,4,560,0,1.0,0.0,0.25,0.0625,0.0,1550
258,559.0,2,4,576,0,1.0,0.0,0.5,0.25,0.0,1550
259,559.0,2,4,576,1,1.0,0.0,0.5,0.25,0.0,1551
260,559.0,3,4,560,1,1.0,0.0,0.75,0.5625,0.0,1551
261,559.0,1,4,562,2,1.0,0.916666666667,0.25,0.0625,0.0,1552
262,559.0,2,4,560,2,1.0,0.5,0.5,0.25,0.0,1552
263,559.0,3,4,576,2,1.0,0.5,0.75,0.5625,0.0,1552
264,559.0,2,4,560,6,1.0,0.666666666667,0.5,0.25,0.0,1553
265,559.0,3,4,576,6,1.0,0.666666666667,0.75,0.5625,0.0,1553
266,559.0,1,4,562,7,1.0,0.928571428571,0.25,0.0625,0.0,1554
267,559.0,1,4,562,9,1.0,0.933333333333,0.25,0.0625,0.0,1555
268,578.0,2,4,786,11,1.0,0.0,0.5,0.25,0.0,1587
269,578.0,1,4,786,12,1.0,0.0,0.25,0.0625,0.0,1588
270,579.0,1,4,587,1,1.0,0.0,0.25,0.0625,0.0,1590
271,579.0,2,4,593,1,1.0,0.0,0.5,0.25,0.0,1590
272,579.0,4,4,601,1,1.0,0.0,1.0,1.0,0.0,1590
273,579.0,1,4,593,2,1.0,0.0,0.25,0.0625,0.0,1591
274,643.0,3,4,909,43,1.0,0.0,0.75,0.5625,0.0,1675
275,652.0,4,4,1177,80,1.0,0.0,1.0,1.0,0.0,1695
276,652.0,1,4,657,81,1.0,0.952380952381,0.25,0.0625,0.0,1696
277,652.0,2,4,1177,81,1.0,0.0,0.5,0.25,-0.5,1696
278,652.0,1,4,657,114,1.0,0.954545454545,0.25,0.0625,0.0,1697
279,652.0,1,4,657,260,1.0,0.95652173913,0.25,0.0625,0.0,1698
280,652.0,1,4,657,285,1.0,0.958333333333,0.25,0.0625,0.0,1699
281,652.0,1,4,657,708,1.0,0.96,0.25,0.0625,0.0,1700
282,652.0,1,4,657,750,1.0,0.961538461538,0.25,0.0625,0.0,1702
283,652.0,2,4,654,750,1.0,0.8,0.5,0.25,0.0,1702
284,652.0,1,4,657,769,1.0,0.962962962963,0.25,0.0625,0.0,1703
285,652.0,1,4,657,920,1.0,0.964285714286,0.25,0.0625,0.0,1704
286,652.0,1,4,657,974,1.0,0.965517241379,0.25,0.0625,0.0,1705
287,686.0,4,4,690,0,1.0,0.0,1.0,1.0,0.0,1768
288,686.0,1,4,687,1,1.0,0.0,0.25,0.0625,0.0,1769
289,686.0,2,4,689,1,1.0,0.0,0.5,0.25,0.0,1769
290,686.0,1,4,687,5,1.0,0.833333333333,0.25,0.0625,0.0,1770
291,686.0,1,4,687,36,1.0,0.857142857143,0.25,0.0625,0.0,1771
292,694.0,4,4,751,4,1.0,0.0,1.0,1.0,0.0,1780
293,694.0,3,4,751,5,1.0,0.0,0.75,0.5625,0.0,1781
294,694.0,3,4,751,7,1.0,0.5,0.75,0.5625,0.25,1782
295,694.0,4,4,718,7,1.0,0.5,1.0,1.0,0.25,1782
296,694.0,3,4,718,11,1.0,0.666666666667,0.75,0.5625,0.25,1783
297,694.0,1,4,696,35,1.0,0.875,0.25,0.0625,0.0,1784
298,694.0,1,4,696,513,1.0,0.888888888889,0.25,0.0625,0.0,1785
299,694.0,1,4,696,796,1.0,0.9,0.25,0.0625,0.0,1786
300,694.0,2,4,717,846,1.0,0.8,0.5,0.25,0.0,1787
301,694.0,2,4,718,858,1.0,0.75,0.5,0.25,-0.25,1788
302,694.0,2,4,718,874,1.0,0.8,0.5,0.25,0.0,1789
303,694.0,1,4,696,886,1.0,0.909090909091,0.25,0.0625,0.0,1790
304,694.0,2,4,751,1054,1.0,0.666666666667,0.5,0.25,-0.5,1791
305,722.0,4,4,12205,1188,1.0,0.0,1.0,1.0,0.0,1843
306,722.0,2,4,12205,1189,1.0,0.0,0.5,0.25,-0.5,1844
307,727.0,4,4,730,34,1.0,0.0,1.0,1.0,0.0,1854
308,727.0,2,4,733,35,1.0,0.8,0.5,0.25,0.0,1855
309,727.0,1,4,728,37,1.0,0.833333333333,0.25,0.0625,0.0,1856
310,727.0,2,4,733,37,1.0,0.833333333333,0.5,0.25,0.0,1856
311,727.0,1,4,728,55,1.0,0.857142857143,0.25,0.0625,0.0,1857
312,727.0,2,4,733,55,1.0,0.857142857143,0.5,0.25,0.0,1857
313,793.0,2,4,796,1,1.0,0.0,0.5,0.25,0.0,1935
314,793.0,3,4,795,1,1.0,0.0,0.75,0.5625,0.0,1935
315,793.0,4,4,799,1,1.0,0.0,1.0,1.0,0.0,1935
316,793.0,1,4,794,2,1.0,0.666666666667,0.25,0.0625,0.0,1936
317,793.0,2,4,799,2,1.0,0.0,0.5,0.25,-0.5,1936
318,793.0,3,4,795,2,1.0,0.5,0.75,0.5625,0.25,1936
319,793.0,4,4,796,2,1.0,0.5,1.0,1.0,0.25,1936
320,793.0,1,4,794,3,1.0,0.875,0.25,0.0625,0.0,1937
321,793.0,1,4,794,7,1.0,0.888888888889,0.25,0.0625,0.0,1938
322,793.0,2,4,795,7,1.0,0.666666666667,0.5,0.25,0.0,1938
323,793.0,3,4,796,7,1.0,0.666666666667,0.75,0.5625,0.0,1938
324,793.0,4,4,799,7,1.0,0.5,1.0,1.0,0.0,1938
325,793.0,1,4,794,50,1.0,0.9,0.25,0.0625,0.0,1939
326,793.0,2,4,795,50,1.0,0.75,0.5,0.25,0.0,1939
327,793.0,1,4,794,83,1.0,0.909090909091,0.25,0.0625,0.0,1940
328,793.0,1,4,794,906,1.0,0.916666666667,0.25,0.0625,0.0,1941
329,793.0,1,4,794,1031,1.0,0.923076923077,0.25,0.0625,0.0,1942
330,798.0,4,4,803,0,1.0,0.0,1.0,1.0,0.0,1943
331,798.0,1,4,800,1,1.0,0.0,0.25,0.0625,0.0,1944
332,798.0,2,4,801,1,1.0,0.0,0.5,0.25,0.0,1944
333,798.0,3,4,803,1,1.0,0.0,0.75,0.5625,0.0,1944
334,818.0,3,4,826,4,1.0,0.75,0.75,0.5625,0.5,1988
335,818.0,1,4,866,6,1.0,0.857142857143,0.25,0.0625,0.0,1990
336,818.0,1,4,866,138,1.0,0.888888888889,0.25,0.0625,0.0,1991
337,827.0,4,4,4398,982,1.0,0.0,1.0,1.0,0.0,2008
338,827.0,2,4,828,983,1.0,0.8,0.5,0.25,0.0,2009
339,827.0,3,4,4282,983,1.0,0.666666666667,0.75,0.5625,0.0,2009
340,827.0,1,4,831,1065,1.0,0.923076923077,0.25,0.0625,0.0,2010
341,827.0,2,4,4282,1068,1.0,0.75,0.5,0.25,-0.25,2011
342,827.0,1,4,831,1102,1.0,0.928571428571,0.25,0.0625,0.0,2012
343,827.0,2,4,828,1158,1.0,0.833333333333,0.5,0.25,0.0,2013
344,827.0,2,4,828,1262,1.0,0.857142857143,0.5,0.25,0.0,2014
345,827.0,1,4,831,1373,1.0,0.9375,0.25,0.0625,0.0,2016
346,854.0,2,4,11870,1139,1.0,0.0,0.5,0.25,0.0,2081
347,888.0,1,4,889,0,1.0,0.0,0.25,0.0625,0.0,2113
348,888.0,3,4,891,0,1.0,0.0,0.75,0.5625,0.0,2113
349,888.0,1,4,890,1,1.0,0.0,0.25,0.0625,0.0,2114
350,888.0,2,4,891,1,1.0,0.0,0.5,0.25,0.0,2114
351,888.0,4,4,893,1,1.0,0.0,1.0,1.0,0.0,2114
352,888.0,1,4,890,2,1.0,0.888888888889,0.25,0.0625,0.0,2115
353,888.0,2,4,891,2,1.0,0.5,0.5,0.25,0.0,2115
354,888.0,1,4,890,21,1.0,0.9,0.25,0.0625,0.0,2116
355,900.0,1,4,901,368,1.0,0.875,0.25,0.0625,0.0,2130
356,900.0,2,4,3165,368,1.0,0.0,0.5,0.25,-0.25,2130
357,900.0,3,4,907,368,1.0,0.875,0.75,0.5625,0.25,2130
358,900.0,3,4,931,400,1.0,0.5,0.75,0.5625,0.0,2131
359,900.0,1,4,901,423,1.0,0.888888888889,0.25,0.0625,0.0,2132
360,900.0,1,4,901,434,1.0,0.9,0.25,0.0625,0.0,2133
361,900.0,3,4,907,434,1.0,0.888888888889,0.75,0.5625,0.25,2133
362,900.0,3,4,907,1115,1.0,0.9,0.75,0.5625,0.25,2134
363,900.0,2,4,3165,1352,1.0,0.75,0.5,0.25,-0.25,2135
364,974.0,3,4,4436,703,1.0,0.0,0.75,0.5625,0.0,2243
365,1042.0,2,4,2213,132,1.0,0.0,0.5,0.25,0.0,2298
366,1071.0,1,4,1072,1076,1.0,0.875,0.25,0.0625,0.0,2341
367,1071.0,2,4,1074,1076,1.0,0.727272727273,0.5,0.25,0.0,2341
368,1071.0,4,4,10462,1076,1.0,0.0,1.0,1.0,0.0,2341
369,1071.0,2,4,1072,1077,1.0,0.9,0.5,0.25,0.25,2342
370,1071.0,1,4,1074,1078,1.0,0.769230769231,0.25,0.0625,-0.25,2343
371,1099.0,3,4,5025,776,1.0,0.0,0.75,0.5625,0.0,2382
372,1137.0,2,4,8266,943,1.0,0.0,0.5,0.25,-0.25,2440
373,1137.0,4,4,8268,943,1.0,0.0,1.0,1.0,0.0,2440
374,1137.0,2,4,8266,944,1.0,0.666666666667,0.5,0.25,0.0,2441
375,1139.0,1,4,1142,1,1.0,0.0,0.25,0.0625,0.0,2443
376,1139.0,3,4,1145,1,1.0,0.0,0.75,0.5625,0.0,2443
377,1139.0,1,4,1144,2,1.0,0.0,0.25,0.0625,0.0,2444
378,1139.0,1,4,1144,3,1.0,0.666666666667,0.25,0.0625,0.0,2445
379,1139.0,1,4,1144,6,1.0,0.75,0.25,0.0625,0.0,2446
380,1219.0,2,4,4098,602,1.0,0.0,0.5,0.25,0.0,2526
381,1219.0,1,4,1224,1056,1.0,0.75,0.25,0.0625,0.0,2527
382,1235.0,1,4,1236,1204,1.0,0.928571428571,0.25,0.0625,0.0,2568
383,1235.0,2,4,1353,1204,1.0,0.888888888889,0.5,0.25,0.0,2568
384,1235.0,4,4,12531,1204,1.0,0.0,1.0,1.0,0.0,2568
385,1235.0,3,4,1269,1253,1.0,0.857142857143,0.75,0.5625,0.0,2569
386,1235.0,1,4,1236,1286,1.0,0.941176470588,0.25,0.0625,0.0,2570
387,1235.0,2,4,1353,1286,1.0,0.916666666667,0.5,0.25,0.0,2570
388,1235.0,4,4,12531,1286,1.0,-0.666666666667,1.0,1.0,0.0,2570
389,1235.0,2,4,1353,1287,1.0,0.923076923077,0.5,0.25,0.0,2571
390,1235.0,1,4,1236,1288,1.0,0.944444444444,0.25,0.0625,0.0,2572
391,1235.0,2,4,1353,1289,1.0,0.928571428571,0.5,0.25,0.0,2573
392,1273.0,1,4,1274,0,1.0,0.0,0.25,0.0625,0.0,2624
393,1273.0,3,4,1302,0,1.0,0.0,0.75,0.5625,0.0,2624
394,1279.0,3,4,12490,1192,1.0,0.0,0.75,0.5625,0.0,2646
395,1279.0,2,4,12490,1193,1.0,0.0,0.5,0.25,0.0,2647
396,1279.0,2,4,12490,1194,1.0,0.5,0.5,0.25,0.0,2648
397,1279.0,2,4,12490,1274,1.0,0.666666666667,0.5,0.25,0.0,2649
398,1280.0,3,4,10754,1086,1.0,0.0,0.75,0.5625,0.0,2656
399,1280.0,4,4,10756,1086,1.0,0.0,1.0,1.0,0.0,2656
400,1280.0,2,4,10756,1087,1.0,0.0,0.5,0.25,-0.25,2657
401,1301.0,4,4,3098,318,1.0,0.0,1.0,1.0,0.0,2683
402,1301.0,2,4,3098,320,1.0,0.5,0.5,0.25,-0.25,2685
403,1323.0,2,4,1341,0,1.0,0.0,0.5,0.25,0.0,2705
404,1323.0,3,4,1346,0,1.0,0.0,0.75,0.5625,0.0,2705
405,1323.0,4,4,1344,0,1.0,0.0,1.0,1.0,0.0,2705
406,1331.0,1,4,1348,981,1.0,0.875,0.25,0.0625,0.0,2754
407,1331.0,3,4,8595,981,1.0,0.0,0.75,0.5625,0.0,2754
408,1331.0,4,4,8600,981,1.0,0.0,1.0,1.0,0.0,2754
409,1357.0,3,4,1371,0,1.0,0.0,0.75,0.5625,0.0,2761
410,1357.0,4,4,1372,0,1.0,0.0,1.0,1.0,0.0,2761
411,1357.0,1,4,1367,3,1.0,0.833333333333,0.25,0.0625,0.0,2763
412,1357.0,2,4,1370,3,1.0,0.666666666667,0.5,0.25,0.0,2763
413,1357.0,3,4,1372,3,1.0,0.5,0.75,0.5625,0.0,2763
414,1359.0,4,4,2297,528,1.0,0.0,1.0,1.0,0.0,2776
415,1359.0,1,4,1369,529,1.0,0.8,0.25,0.0625,0.0,2777
416,1395.0,1,4,1400,1,1.0,0.0,0.25,0.0625,0.0,2823
417,1395.0,3,4,1398,1,1.0,0.0,0.75,0.5625,0.0,2823
418,1395.0,4,4,1399,1,1.0,0.0,1.0,1.0,0.0,2823
419,1395.0,1,4,1400,287,1.0,0.833333333333,0.25,0.0625,0.0,2825
420,1435.0,4,4,13610,1318,1.0,0.0,1.0,1.0,0.0,2907
421,1435.0,1,4,2228,1320,1.0,0.916666666667,0.25,0.0625,0.0,2908
422,1456.0,2,4,5475,817,1.0,0.0,0.5,0.25,0.0,2920
423,1474.0,3,4,3034,297,1.0,0.0,0.75,0.5625,0.0,2955
424,1474.0,2,4,3034,298,1.0,0.0,0.5,0.25,0.0,2956
425,1474.0,1,4,1482,299,1.0,0.25,0.25,0.0625,0.0,2957
426,1474.0,1,4,1482,303,1.0,0.4,0.25,0.0625,0.0,2958
427,1474.0,2,4,3034,593,1.0,0.5,0.5,0.25,0.25,2959
428,1474.0,1,4,1482,601,1.0,0.5,0.25,0.0625,0.0,2960
429,1474.0,2,4,3034,694,1.0,0.666666666667,0.5,0.25,0.25,2961
430,1474.0,2,4,3034,1028,1.0,0.75,0.5,0.25,0.25,2962
431,1474.0,2,4,3034,1058,1.0,0.8,0.5,0.25,0.25,2963
432,1475.0,4,4,7045,1331,1.0,0.0,1.0,1.0,0.0,2974
433,1508.0,1,4,1544,666,1.0,0.875,0.25,0.0625,0.0,3022
434,1508.0,3,4,4432,666,1.0,0.0,0.75,0.5625,0.0,3022
435,1508.0,3,4,4432,667,1.0,0.0,0.75,0.5625,0.0,3023
436,1581.0,1,4,5503,814,1.0,0.0,0.25,0.0625,-0.5,3115
437,1581.0,4,4,5497,814,1.0,0.0,1.0,1.0,0.0,3115
438,1581.0,1,4,5497,815,1.0,0.0,0.25,0.0625,-0.5,3116
439,1581.0,1,4,1582,816,1.0,0.9,0.25,0.0625,0.0,3117
440,1600.0,1,4,1608,2,1.0,0.0,0.25,0.0625,0.0,3153
441,1600.0,4,4,1626,2,1.0,0.0,1.0,1.0,0.0,3153
442,1600.0,4,4,1626,3,1.0,0.0,1.0,1.0,0.0,3154
443,1600.0,1,4,1608,5,1.0,0.666666666667,0.25,0.0625,0.0,3155
444,1600.0,3,4,1601,5,1.0,0.666666666667,0.75,0.5625,0.25,3155
445,1600.0,1,4,1608,15,1.0,0.75,0.25,0.0625,0.0,3156
446,1600.0,1,4,1608,37,1.0,0.8,0.25,0.0625,0.0,3157
447,1600.0,3,4,1601,37,1.0,0.75,0.75,0.5625,0.25,3157
448,1615.0,3,4,1653,134,1.0,0.0,0.75,0.5625,0.0,3173
449,1690.0,2,4,2862,258,1.0,0.0,0.5,0.25,0.0,3259
450,1690.0,2,4,2862,259,1.0,0.0,0.5,0.25,0.0,3260
451,1695.0,4,4,3673,468,1.0,0.0,1.0,1.0,0.0,3285
452,1695.0,1,4,1699,469,1.0,0.8,0.25,0.0625,0.0,3286
453,1695.0,2,4,2991,469,1.0,0.666666666667,0.5,0.25,0.0,3286
454,1695.0,3,4,3673,469,1.0,0.0,0.75,0.5625,0.0,3286
455,1695.0,2,4,3673,470,1.0,0.5,0.5,0.25,-0.25,3287
456,1695.0,2,4,3673,565,1.0,0.666666666667,0.5,0.25,0.0,3288
457,1695.0,1,4,1699,1126,1.0,0.833333333333,0.25,0.0625,0.0,3289
458,1755.0,4,4,1825,1170,1.0,0.0,1.0,1.0,0.0,3368
459,1755.0,1,4,1764,1171,1.0,0.875,0.25,0.0625,-0.25,3369
460,1755.0,2,4,1756,1171,1.0,0.909090909091,0.5,0.25,0.25,3369
461,1926.0,1,4,1928,1,1.0,0.0,0.25,0.0625,0.0,3597
462,1926.0,1,4,1927,2,1.0,0.5,0.25,0.0625,-0.25,3598
463,1926.0,2,4,1928,2,1.0,0.666666666667,0.5,0.25,0.25,3598
464,1969.0,1,4,1972,1,1.0,0.0,0.25,0.0625,0.0,3656
465,1969.0,3,4,1971,1,1.0,0.0,0.75,0.5625,0.0,3656
466,1969.0,4,4,1976,1,1.0,0.0,1.0,1.0,0.0,3656
467,1969.0,1,4,1972,2,1.0,0.857142857143,0.25,0.0625,0.0,3657
468,1969.0,3,4,1973,2,1.0,0.857142857143,0.75,0.5625,0.25,3657
469,1969.0,4,4,1976,2,1.0,0.0,1.0,1.0,0.0,3657
470,1969.0,3,4,1973,6,1.0,0.888888888889,0.75,0.5625,0.5,3658
471,1969.0,2,4,1976,16,1.0,0.5,0.5,0.25,-0.5,3659
472,1969.0,3,4,1973,16,1.0,0.9,0.75,0.5625,0.5,3659
473,1969.0,4,4,1971,16,1.0,0.857142857143,1.0,1.0,0.25,3659
474,1969.0,2,4,1973,22,1.0,0.909090909091,0.5,0.25,0.25,3660
475,1969.0,2,4,1973,23,1.0,0.916666666667,0.5,0.25,0.25,3661
476,1969.0,2,4,1973,34,1.0,0.923076923077,0.5,0.25,0.25,3662
477,1969.0,2,4,1973,38,1.0,0.928571428571,0.5,0.25,0.25,3663
478,2032.0,3,4,9951,1035,1.0,0.0,0.75,0.5625,0.0,3772
479,2045.0,3,4,2071,57,1.0,0.0,0.75,0.5625,0.0,3786
480,2079.0,4,4,2099,8,1.0,0.0,1.0,1.0,0.0,3852
481,2079.0,3,4,2099,9,1.0,0.0,0.75,0.5625,-0.25,3853
482,2079.0,1,4,2080,13,1.0,0.875,0.25,0.0625,0.0,3854
483,2079.0,3,4,2099,21,1.0,0.5,0.75,0.5625,-0.25,3855
484,2085.0,1,4,2086,0,1.0,0.0,0.25,0.0625,0.0,3871
485,2085.0,2,4,2087,0,1.0,0.0,0.5,0.25,0.0,3871
486,2085.0,4,4,2090,0,1.0,0.0,1.0,1.0,0.0,3871
487,2085.0,1,4,2088,1,1.0,0.0,0.25,0.0625,0.0,3872
488,2085.0,2,4,2090,1,1.0,0.0,0.5,0.25,0.0,3872
489,2085.0,1,4,2088,2,1.0,0.666666666667,0.25,0.0625,0.0,3873
490,2085.0,1,4,2088,3,1.0,0.75,0.25,0.0625,0.0,3874
491,2085.0,1,4,2088,4,1.0,0.8,0.25,0.0625,0.0,3875
492,2104.0,3,4,13302,1193,1.0,0.0,0.75,0.5625,0.0,3907
493,2104.0,1,4,2110,1194,1.0,0.833333333333,0.25,0.0625,-0.25,3908
494,2121.0,3,4,2125,0,1.0,0.0,0.75,0.5625,0.0,3928
495,2121.0,2,4,2122,1,1.0,0.0,0.5,0.25,0.0,3929
496,2121.0,3,4,2123,1,1.0,0.0,0.75,0.5625,0.0,3929
497,2121.0,4,4,2125,1,1.0,0.0,1.0,1.0,0.0,3929
498,2121.0,1,4,2124,2,1.0,0.857142857143,0.25,0.0625,0.0,3930
499,2121.0,1,4,2124,7,1.0,0.888888888889,0.25,0.0625,0.0,3931
500,2121.0,1,4,2124,46,1.0,0.9,0.25,0.0625,0.0,3932
501,2121.0,2,4,2125,46,1.0,0.5,0.5,0.25,-0.5,3932
502,2121.0,3,4,2123,46,1.0,0.666666666667,0.75,0.5625,0.0,3932
503,2121.0,4,4,2122,46,1.0,0.8,1.0,1.0,0.5,3932
504,2131.0,4,4,2132,44,1.0,0.0,1.0,1.0,0.0,3959
505,2131.0,1,4,2135,45,1.0,0.8,0.25,0.0625,0.0,3960
506,2163.0,3,4,2293,28,1.0,0.0,0.75,0.5625,0.0,3993
507,2163.0,1,4,2164,30,1.0,0.888888888889,0.25,0.0625,0.0,3994
508,2163.0,4,4,2165,30,1.0,0.5,1.0,1.0,0.5,3994
509,2211.0,3,4,4412,557,1.0,0.0,0.75,0.5625,0.0,4082
510,2211.0,2,4,4412,558,1.0,0.0,0.5,0.25,-0.25,4083
511,2214.0,2,4,2230,6,1.0,0.0,0.5,0.25,0.0,4086
512,2214.0,3,4,2237,6,1.0,0.0,0.75,0.5625,0.0,4086
513,2214.0,1,4,2229,9,1.0,0.666666666667,0.25,0.0625,0.0,4087
514,2214.0,1,4,2229,10,1.0,0.75,0.25,0.0625,0.0,4088
515,2242.0,4,4,2301,10,1.0,0.0,1.0,1.0,0.0,4123
516,2251.0,2,4,2288,6,1.0,0.0,0.5,0.25,0.0,4130
517,2252.0,3,4,12048,1010,1.0,0.0,0.75,0.5625,0.0,4143
518,2252.0,1,4,2255,1011,1.0,0.9,0.25,0.0625,0.0,4144
519,2261.0,1,4,2310,9,1.0,0.0,0.25,0.0625,-0.75,4151
520,2261.0,2,4,2278,9,1.0,0.5,0.5,0.25,-0.25,4151
521,2261.0,3,4,2264,9,1.0,0.875,0.75,0.5625,0.5,4151
522,2261.0,4,4,2263,9,1.0,0.666666666667,1.0,1.0,0.5,4151
523,2261.0,1,4,2310,10,1.0,0.666666666667,0.25,0.0625,-0.25,4152
524,2261.0,1,4,2310,31,1.0,0.75,0.25,0.0625,-0.25,4153
525,2261.0,1,4,2310,60,1.0,0.8,0.25,0.0625,-0.25,4154
526,2275.0,4,4,3520,323,1.0,0.0,1.0,1.0,0.0,4182
527,2275.0,1,4,3520,324,1.0,0.0,0.25,0.0625,-0.25,4183
528,2275.0,1,4,3520,326,1.0,0.5,0.25,0.0625,0.0,4184
529,2275.0,1,4,3520,331,1.0,0.666666666667,0.25,0.0625,0.0,4185
530,2276.0,3,4,2784,113,1.0,0.0,0.75,0.5625,0.0,4197
531,2276.0,1,4,2784,114,1.0,0.0,0.25,0.0625,0.0,4198
532,2279.0,3,4,12864,1111,1.0,0.0,0.75,0.5625,0.0,4216
533,2279.0,2,4,2282,1112,1.0,0.916666666667,0.5,0.25,0.0,4217
534,2279.0,2,4,2282,1117,1.0,0.923076923077,0.5,0.25,0.0,4218
535,2295.0,2,4,2308,495,1.0,0.0,0.5,0.25,0.0,4236
536,2334.0,3,4,10321,924,1.0,0.0,0.75,0.5625,0.0,4304
537,2334.0,2,4,10321,925,1.0,0.0,0.5,0.25,0.0,4305
538,2334.0,1,4,2337,937,1.0,0.944444444444,0.25,0.0625,0.0,4306
539,2334.0,2,4,10321,939,1.0,0.5,0.5,0.25,0.0,4307
540,2334.0,1,4,2337,940,1.0,0.947368421053,0.25,0.0625,0.0,4308
541,2343.0,3,4,2352,7,1.0,0.0,0.75,0.5625,0.0,4328
542,2343.0,4,4,2355,7,1.0,0.0,1.0,1.0,0.0,4328
543,2343.0,1,4,2344,8,1.0,0.666666666667,0.25,0.0625,0.0,4329
544,2343.0,2,4,2349,8,1.0,0.5,0.5,0.25,0.0,4329
545,2343.0,3,4,2352,8,1.0,0.0,0.75,0.5625,0.0,4329
546,2396.0,4,4,3234,224,1.0,0.0,1.0,1.0,0.0,4380
547,2396.0,3,4,3234,225,1.0,0.0,0.75,0.5625,0.0,4381
548,2396.0,1,4,2400,228,1.0,0.8,0.25,0.0625,-0.25,4382
549,2418.0,3,4,6893,733,1.0,0.0,0.75,0.5625,0.0,4414
550,2427.0,2,4,2479,11,1.0,0.0,0.5,0.25,0.0,4422
551,2427.0,1,4,2479,12,1.0,0.0,0.25,0.0625,-0.25,4423
552,2427.0,1,4,2479,14,1.0,0.5,0.25,0.0625,0.0,4424
553,2446.0,4,4,2448,228,1.0,0.0,1.0,1.0,0.0,4447
554,2446.0,1,4,2449,229,1.0,0.916666666667,0.25,0.0625,0.0,4448
555,2446.0,2,4,2447,229,1.0,0.8,0.5,0.25,0.0,4448
556,2446.0,1,4,2449,624,1.0,0.923076923077,0.25,0.0625,0.0,4449
557,2446.0,1,4,2449,677,1.0,0.928571428571,0.25,0.0625,0.0,4450
558,2446.0,1,4,2449,805,1.0,0.933333333333,0.25,0.0625,0.0,4451
559,2446.0,1,4,2449,807,1.0,0.9375,0.25,0.0625,0.0,4452
560,2446.0,1,4,2449,819,1.0,0.941176470588,0.25,0.0625,0.0,4453
561,2446.0,1,4,2449,867,1.0,0.944444444444,0.25,0.0625,0.0,4454
562,2446.0,1,4,2449,868,1.0,0.947368421053,0.25,0.0625,0.0,4455
563,2446.0,1,4,2449,950,1.0,0.95,0.25,0.0625,0.0,4456
564,2446.0,1,4,2449,1083,1.0,0.952380952381,0.25,0.0625,0.0,4457
565,2450.0,2,4,2456,0,1.0,0.0,0.5,0.25,0.0,4460
566,2450.0,1,4,2455,1,1.0,0.0,0.25,0.0625,0.0,4461
567,2450.0,2,4,2452,1,1.0,0.0,0.5,0.25,0.0,4461
568,2450.0,3,4,2453,1,1.0,0.0,0.75,0.5625,0.0,4461
569,2460.0,3,4,2575,24,1.0,0.0,0.75,0.5625,0.0,4489
570,2460.0,1,4,2575,25,1.0,0.0,0.25,0.0625,-0.5,4490
571,2460.0,3,4,2461,25,1.0,0.75,0.75,0.5625,0.5,4490
572,2460.0,1,4,2575,27,1.0,0.5,0.25,0.0625,-0.25,4491
573,2460.0,3,4,2461,377,1.0,0.8,0.75,0.5625,0.5,4492
574,2520.0,4,4,15668,1274,1.0,0.0,1.0,1.0,0.0,4552
575,2520.0,2,4,6934,1275,1.0,0.5,0.5,0.25,0.0,4553
576,2520.0,3,4,15668,1275,1.0,0.0,0.75,0.5625,0.0,4553
577,2536.0,1,4,2538,798,1.0,0.888888888889,0.25,0.0625,0.0,4576
578,2565.0,1,4,2728,88,1.0,0.0,0.25,0.0625,0.0,4611
579,2565.0,1,4,2728,89,1.0,0.0,0.25,0.0625,0.0,4612
580,2622.0,3,4,2640,265,1.0,0.0,0.75,0.5625,0.0,4679
581,2622.0,4,4,2656,265,1.0,0.0,1.0,1.0,0.0,4679
582,2630.0,4,4,10472,866,1.0,0.0,1.0,1.0,0.0,4701
583,2634.0,3,4,4346,460,1.0,0.0,0.75,0.5625,0.0,4715
584,2634.0,1,4,2644,461,1.0,0.5,0.25,0.0625,-0.25,4716
585,2634.0,2,4,2637,461,1.0,0.666666666667,0.5,0.25,0.25,4716
586,2685.0,4,4,4422,462,1.0,0.0,1.0,1.0,0.0,4771
587,2685.0,2,4,4422,463,1.0,0.0,0.5,0.25,-0.5,4772
588,2685.0,3,4,3883,463,1.0,0.75,0.75,0.5625,0.0,4772
589,2685.0,2,4,4422,470,1.0,0.5,0.5,0.25,-0.5,4773
590,2705.0,2,4,2709,129,1.0,0.0,0.5,0.25,0.0,4830
591,2705.0,3,4,2721,129,1.0,0.0,0.75,0.5625,0.0,4830
592,2705.0,1,4,2721,130,1.0,0.0,0.25,0.0625,0.0,4831
593,2741.0,2,4,2746,1045,1.0,0.0,0.5,0.25,0.0,4852
594,2772.0,4,4,2794,10,1.0,0.0,1.0,1.0,0.0,4916
595,2772.0,3,4,2773,244,1.0,0.9375,0.75,0.5625,0.5,4917
596,2772.0,1,4,2777,401,1.0,0.888888888889,0.25,0.0625,-0.25,4918
597,2772.0,3,4,2773,401,1.0,0.941176470588,0.75,0.5625,0.5,4918
598,2772.0,1,4,2777,493,1.0,0.9,0.25,0.0625,-0.25,4919
599,2772.0,2,4,2773,494,1.0,0.947368421053,0.5,0.25,0.25,4920
600,2772.0,3,4,2773,692,1.0,0.952380952381,0.75,0.5625,0.5,4921
601,2772.0,1,4,2777,1061,1.0,0.909090909091,0.25,0.0625,-0.25,4922
602,2772.0,3,4,2773,1061,1.0,0.954545454545,0.75,0.5625,0.5,4922
603,2772.0,1,4,2777,1155,1.0,0.916666666667,0.25,0.0625,-0.25,4923
604,2803.0,2,4,2819,4,1.0,0.5,0.5,0.25,0.25,4966
605,2803.0,3,4,2834,4,1.0,0.0,0.75,0.5625,0.0,4966
606,2806.0,2,4,4194,373,1.0,0.0,0.5,0.25,-0.25,5000
607,2807.0,3,4,8185,741,1.0,0.0,0.75,0.5625,0.0,5025
608,2807.0,2,4,7157,742,1.0,0.5,0.5,0.25,0.0,5026
609,2807.0,1,4,2809,747,1.0,0.95,0.25,0.0625,0.0,5027
610,2807.0,1,4,2809,969,1.0,0.952380952381,0.25,0.0625,0.0,5028
611,2820.0,1,4,2822,329,1.0,0.916666666667,0.25,0.0625,0.0,5040
612,2820.0,3,4,4031,329,1.0,0.0,0.75,0.5625,0.0,5040
613,2826.0,2,4,2827,1,1.0,0.0,0.5,0.25,0.0,5048
614,2826.0,3,4,2830,1,1.0,0.0,0.75,0.5625,0.0,5048
615,2826.0,2,4,2827,2,1.0,0.8,0.5,0.25,0.25,5049
616,2826.0,3,4,2830,2,1.0,-0.666666666667,0.75,0.5625,-0.25,5049
617,2826.0,1,4,2833,3,1.0,0.833333333333,0.25,0.0625,0.0,5050
618,2826.0,4,4,2831,3,1.0,-0.666666666667,1.0,1.0,0.0,5050
619,2826.0,1,4,2833,9,1.0,0.875,0.25,0.0625,0.0,5051
620,2826.0,3,4,2831,9,1.0,-0.8,0.75,0.5625,-0.25,5051
621,2826.0,1,4,2833,22,1.0,0.888888888889,0.25,0.0625,0.0,5052
622,2879.0,3,4,5454,702,1.0,0.0,0.75,0.5625,0.0,5135
623,2879.0,4,4,5454,703,1.0,0.0,1.0,1.0,0.0,5136
624,2899.0,3,4,11959,854,1.0,0.0,0.75,0.5625,-0.25,5171
625,2931.0,1,4,2932,2,1.0,0.0,0.25,0.0625,0.0,5201
626,2931.0,2,4,2938,2,1.0,0.0,0.5,0.25,0.0,5201
627,2931.0,1,4,2938,3,1.0,0.0,0.25,0.0625,0.0,5202
628,2931.0,1,4,2938,12,1.0,0.5,0.25,0.0625,0.0,5203
629,3059.0,2,4,3123,20,1.0,0.0,0.5,0.25,0.0,5358
630,3059.0,2,4,3123,21,1.0,0.0,0.5,0.25,0.0,5359
631,3089.0,1,4,3095,1,1.0,0.0,0.25,0.0625,0.0,5386
632,3089.0,1,4,3095,2,1.0,0.75,0.25,0.0625,0.0,5387
633,3089.0,1,4,3095,6,1.0,0.8,0.25,0.0625,0.0,5388
634,3090.0,4,4,3096,6,1.0,0.0,1.0,1.0,0.0,5394
635,3124.0,1,4,3128,1058,1.0,0.9,0.25,0.0625,0.0,5421
636,3124.0,4,4,15197,1058,1.0,0.0,1.0,1.0,0.0,5421
637,3124.0,1,4,3128,1065,1.0,0.909090909091,0.25,0.0625,0.0,5422
638,3124.0,2,4,3125,1065,1.0,0.833333333333,0.5,0.25,0.0,5422
639,3137.0,2,4,3182,568,1.0,0.0,0.5,0.25,-0.25,5441
640,3137.0,1,4,3189,569,1.0,-0.5,0.25,0.0625,-0.75,5442
641,3137.0,1,4,3189,573,1.0,0.0,0.25,0.0625,-0.5,5443
642,3138.0,1,4,3157,11,1.0,0.833333333333,0.25,0.0625,0.0,5451
643,3138.0,2,4,3167,11,1.0,0.0,0.5,0.25,-0.25,5451
644,3138.0,1,4,3157,197,1.0,0.875,0.25,0.0625,0.0,5452
645,3162.0,3,4,3175,7,1.0,0.0,0.75,0.5625,0.0,5481
646,3162.0,2,4,3164,414,1.0,0.666666666667,0.5,0.25,0.25,5482
647,3178.0,3,4,3589,261,1.0,0.0,0.75,0.5625,0.0,5501
648,3185.0,1,4,3187,0,1.0,0.0,0.25,0.0625,0.0,5502
649,3185.0,3,4,3190,0,1.0,0.0,0.75,0.5625,0.0,5502
650,3185.0,1,4,3191,1,1.0,0.0,0.25,0.0625,0.0,5503
651,3185.0,2,4,3188,1,1.0,0.0,0.5,0.25,0.0,5503
652,3185.0,3,4,3187,1,1.0,0.0,0.75,0.5625,0.0,5503
653,3185.0,1,4,3188,2,1.0,0.666666666667,0.25,0.0625,-0.25,5504
654,3185.0,2,4,3191,2,1.0,0.75,0.5,0.25,0.25,5504
655,3185.0,1,4,3191,3,1.0,0.8,0.25,0.0625,0.0,5505
656,3185.0,1,4,3191,20,1.0,0.833333333333,0.25,0.0625,0.0,5506
657,3185.0,1,4,3191,21,1.0,0.857142857143,0.25,0.0625,0.0,5507
658,3185.0,1,4,3188,24,1.0,0.75,0.25,0.0625,-0.25,5508
659,3185.0,2,4,3191,24,1.0,0.875,0.5,0.25,0.25,5508
660,3185.0,1,4,3191,527,1.0,0.888888888889,0.25,0.0625,0.0,5509
661,3210.0,1,4,3257,26,1.0,0.0,0.25,0.0625,0.0,5541
662,3210.0,1,4,3257,27,1.0,0.0,0.25,0.0625,0.0,5542
663,3210.0,1,4,3257,106,1.0,0.5,0.25,0.0625,0.0,5543
664,3326.0,3,4,3336,2,1.0,0.0,0.75,0.5625,0.0,5677
665,3326.0,1,4,3330,3,1.0,0.5,0.25,0.0625,0.0,5678
666,3326.0,1,4,3330,9,1.0,0.75,0.25,0.0625,0.0,5679
667,3380.0,4,4,8743,597,1.0,0.0,1.0,1.0,0.0,5733
668,3404.0,1,4,3406,12,1.0,0.916666666667,0.25,0.0625,0.0,5775
669,3404.0,1,4,3406,26,1.0,0.923076923077,0.25,0.0625,0.0,5776
670,3404.0,1,4,3406,53,1.0,0.928571428571,0.25,0.0625,0.0,5777
671,3404.0,1,4,3406,123,1.0,0.933333333333,0.25,0.0625,0.0,5778
672,3404.0,1,4,3406,370,1.0,0.9375,0.25,0.0625,0.0,5779
673,3408.0,3,4,3519,37,1.0,0.0,0.75,0.5625,0.0,5789
674,3408.0,2,4,3519,38,1.0,0.0,0.5,0.25,-0.25,5790
675,3408.0,2,4,3519,40,1.0,0.5,0.5,0.25,-0.25,5791
676,3436.0,3,4,4533,290,1.0,0.0,0.75,0.5625,0.0,5826
677,3447.0,1,4,3448,2,1.0,0.0,0.25,0.0625,0.0,5840
678,3447.0,2,4,3449,2,1.0,0.0,0.5,0.25,0.0,5840
679,3447.0,3,4,3450,2,1.0,0.0,0.75,0.5625,0.0,5840
680,3447.0,4,4,3451,2,1.0,0.0,1.0,1.0,0.0,5840
681,3477.0,1,4,3481,569,1.0,0.916666666667,0.25,0.0625,0.0,5890
682,3477.0,3,4,8700,569,1.0,0.0,0.75,0.5625,0.0,5890
683,3477.0,1,4,3481,570,1.0,0.923076923077,0.25,0.0625,0.0,5891
684,3477.0,4,4,8700,570,1.0,0.0,1.0,1.0,0.0,5891
685,3477.0,1,4,3481,595,1.0,0.928571428571,0.25,0.0625,0.0,5892
686,3477.0,1,4,3481,769,1.0,0.933333333333,0.25,0.0625,0.0,5893
687,3477.0,1,4,3481,929,1.0,0.9375,0.25,0.0625,0.0,5894
688,3477.0,1,4,3481,931,1.0,0.941176470588,0.25,0.0625,0.0,5895
689,3477.0,1,4,3481,965,1.0,0.944444444444,0.25,0.0625,0.0,5896
690,3505.0,4,4,3511,18,1.0,0.0,1.0,1.0,0.0,5939
691,3529.0,4,4,5133,324,1.0,0.0,1.0,1.0,0.0,5965
692,3554.0,2,4,3564,2,1.0,0.0,0.5,0.25,0.0,5998
693,3554.0,1,4,3566,3,1.0,0.0,0.25,0.0625,0.0,5999
694,3554.0,1,4,3566,5,1.0,0.666666666667,0.25,0.0625,0.0,6000
695,3571.0,3,4,3591,8,1.0,0.0,0.75,0.5625,0.0,6021
696,3604.0,2,4,3605,2,1.0,0.0,0.5,0.25,0.0,6048
697,3604.0,3,4,3607,2,1.0,0.0,0.75,0.5625,0.0,6048
698,3604.0,1,4,3619,3,1.0,0.0,0.25,0.0625,0.0,6049
699,3609.0,3,4,3637,5,1.0,0.0,0.75,0.5625,0.0,6054
700,3670.0,1,4,3786,29,1.0,0.0,0.25,0.0625,-0.75,6124
701,3740.0,3,4,3748,35,1.0,0.0,0.75,0.5625,0.0,6172
702,3751.0,3,4,3754,0,1.0,0.0,0.75,0.5625,0.0,6178
703,3751.0,1,4,3755,1,1.0,0.0,0.25,0.0625,0.0,6179
704,3751.0,2,4,3753,1,1.0,0.0,0.5,0.25,0.0,6179
705,3751.0,3,4,3754,1,1.0,0.0,0.75,0.5625,0.0,6179
706,3751.0,1,4,3755,2,1.0,0.75,0.25,0.0625,0.0,6180
707,3751.0,1,4,3755,3,1.0,0.8,0.25,0.0625,0.0,6181
708,3751.0,2,4,3753,3,1.0,0.666666666667,0.5,0.25,0.0,6181
709,3751.0,2,4,3753,4,1.0,0.75,0.5,0.25,0.0,6182
710,3751.0,1,4,3755,15,1.0,0.833333333333,0.25,0.0625,0.0,6183
711,3780.0,4,4,8328,666,1.0,0.0,1.0,1.0,0.0,6214
712,3813.0,2,4,3818,4,1.0,0.0,0.5,0.25,0.0,6254
713,3813.0,2,4,3821,5,1.0,0.666666666667,0.5,0.25,0.25,6255
714,3813.0,3,4,3818,5,1.0,0.666666666667,0.75,0.5625,0.25,6255
715,3825.0,4,4,3845,716,1.0,0.0,1.0,1.0,0.0,6276
716,3825.0,1,4,3841,717,1.0,0.916666666667,0.25,0.0625,0.0,6277
717,3825.0,4,4,3845,717,1.0,0.0,1.0,1.0,0.0,6277
718,3869.0,1,4,3870,5,1.0,0.857142857143,0.25,0.0625,0.0,6337
719,3869.0,2,4,3888,5,1.0,0.0,0.5,0.25,0.0,6337
720,3869.0,3,4,3887,5,1.0,0.0,0.75,0.5625,0.0,6337
721,3869.0,4,4,3889,5,1.0,0.0,1.0,1.0,0.0,6337
722,3869.0,2,4,3889,6,1.0,0.0,0.5,0.25,-0.25,6338
723,3869.0,3,4,3887,6,1.0,0.0,0.75,0.5625,-0.25,6338
724,3869.0,4,4,3888,6,1.0,0.5,1.0,1.0,0.5,6338
725,3869.0,1,4,3870,10,1.0,0.888888888889,0.25,0.0625,0.0,6339
726,3869.0,1,4,3870,29,1.0,0.9,0.25,0.0625,0.0,6340
727,3869.0,1,4,3870,30,1.0,0.909090909091,0.25,0.0625,0.0,6341
728,3970.0,3,4,3985,2,1.0,0.0,0.75,0.5625,0.0,6444
729,3970.0,1,4,3976,5,1.0,0.8,0.25,0.0625,0.0,6445
730,3970.0,1,4,3976,6,1.0,0.857142857143,0.25,0.0625,0.0,6446
731,3970.0,1,4,3976,706,1.0,0.875,0.25,0.0625,0.0,6447
732,4015.0,2,4,11855,536,1.0,0.0,0.5,0.25,0.0,6512
733,4015.0,1,4,11855,537,1.0,0.0,0.25,0.0625,-0.25,6513
734,4109.0,2,4,4110,2,1.0,0.0,0.5,0.25,0.0,6609
735,4109.0,3,4,4115,2,1.0,0.0,0.75,0.5625,0.0,6609
736,4109.0,4,4,4120,2,1.0,0.0,1.0,1.0,0.0,6609
737,4128.0,2,4,9928,417,1.0,0.0,0.5,0.25,-0.5,6645
738,4128.0,2,4,4138,419,1.0,0.9,0.5,0.25,0.25,6646
739,4139.0,4,4,4167,5,1.0,0.0,1.0,1.0,0.0,6653
740,4139.0,1,4,4143,6,1.0,0.857142857143,0.25,0.0625,0.0,6654
741,4139.0,2,4,4165,6,1.0,0.0,0.5,0.25,0.0,6654
742,4139.0,2,4,4143,7,1.0,0.888888888889,0.5,0.25,0.25,6655
743,4139.0,3,4,4165,7,1.0,0.4,0.75,0.5625,0.25,6655
744,4175.0,1,4,4184,1,1.0,0.0,0.25,0.0625,0.0,6684
745,4175.0,2,4,4176,1,1.0,0.0,0.5,0.25,0.0,6684
746,4175.0,3,4,4179,1,1.0,0.0,0.75,0.5625,0.0,6684
747,4175.0,4,4,4185,1,1.0,0.0,1.0,1.0,0.0,6684
748,4175.0,1,4,4184,2,1.0,0.0,0.25,0.0625,0.0,6685
749,4175.0,2,4,4185,2,1.0,0.0,0.5,0.25,0.0,6685
750,4175.0,1,4,4184,315,1.0,0.5,0.25,0.0625,0.0,6686
751,4326.0,3,4,4403,16,1.0,0.0,0.75,0.5625,0.0,6817
752,4326.0,1,4,4349,25,1.0,0.4,0.25,0.0625,0.0,6818
753,4326.0,2,4,4328,56,1.0,0.5,0.5,0.25,0.25,6819
754,4362.0,3,4,10211,471,1.0,0.0,0.75,0.5625,0.0,6843
755,4384.0,2,4,10467,400,1.0,0.0,0.5,0.25,0.0,6868
756,4506.0,2,4,4526,540,1.0,0.0,0.5,0.25,0.0,6967
757,4520.0,2,4,4634,12,1.0,0.0,0.5,0.25,0.0,6986
758,4520.0,2,4,4634,13,1.0,0.0,0.5,0.25,0.0,6987
759,4527.0,1,4,4531,2,1.0,0.0,0.25,0.0625,0.0,6992
760,4527.0,2,4,4537,2,1.0,0.0,0.5,0.25,0.0,6992
761,4527.0,4,4,4528,2,1.0,0.0,1.0,1.0,0.0,6992
762,4559.0,3,4,4637,6,1.0,0.0,0.75,0.5625,0.0,7008
763,4559.0,1,4,4560,7,1.0,0.75,0.25,0.0625,0.0,7009
764,4559.0,1,4,4560,10,1.0,0.8,0.25,0.0625,0.0,7010
765,4559.0,1,4,4560,12,1.0,0.5,0.25,0.0625,0.0,7011
766,4573.0,2,4,4654,8,1.0,0.0,0.5,0.25,0.0,7023
767,4573.0,1,4,4654,9,1.0,0.0,0.25,0.0625,0.0,7024
768,4573.0,1,4,4654,12,1.0,0.5,0.25,0.0625,0.0,7025
769,4623.0,3,4,4632,26,1.0,0.0,0.75,0.5625,0.0,7084
770,4623.0,2,4,4632,27,1.0,0.0,0.5,0.25,0.0,7085
771,4623.0,1,4,4626,329,1.0,0.25,0.25,0.0625,0.0,7086
772,4623.0,2,4,4631,329,1.0,0.25,0.5,0.25,0.0,7086
773,4623.0,2,4,4631,581,1.0,0.4,0.5,0.25,0.25,7087
774,4640.0,1,4,4643,0,1.0,0.0,0.25,0.0625,0.0,7093
775,4640.0,2,4,4645,0,1.0,0.0,0.5,0.25,0.0,7093
776,4640.0,3,4,4646,0,1.0,0.0,0.75,0.5625,0.0,7093
777,4640.0,1,4,4646,1,1.0,0.0,0.25,0.0625,0.0,7094
778,4640.0,2,4,4647,1,1.0,0.0,0.5,0.25,0.0,7094
779,4679.0,3,4,4871,28,1.0,0.0,0.75,0.5625,0.0,7158
780,4679.0,2,4,4871,29,1.0,0.0,0.5,0.25,0.0,7159
781,4679.0,1,4,4685,30,1.0,0.833333333333,0.25,0.0625,0.0,7160
782,4679.0,2,4,4871,30,1.0,0.5,0.5,0.25,0.0,7160
783,4681.0,3,4,4793,14,1.0,0.0,0.75,0.5625,0.0,7167
784,4681.0,1,4,4793,15,1.0,0.0,0.25,0.0625,-0.25,7168
785,4700.0,3,4,4747,3,1.0,0.0,0.75,0.5625,0.0,7189
786,4700.0,3,4,4747,4,1.0,0.0,0.75,0.5625,0.0,7190
787,4700.0,1,4,4709,5,1.0,-0.25,0.25,0.0625,-0.75,7191
788,4700.0,2,4,4703,5,1.0,0.8,0.5,0.25,0.25,7191
789,4700.0,1,4,4709,12,1.0,-0.5,0.25,0.0625,-0.75,7192
790,4700.0,2,4,4703,12,1.0,0.857142857143,0.5,0.25,0.25,7192
791,4700.0,3,4,4747,12,1.0,0.5,0.75,0.5625,0.25,7192
792,4700.0,1,4,4709,319,1.0,-0.571428571429,0.25,0.0625,-0.75,7193
793,4700.0,1,4,4709,325,1.0,-0.625,0.25,0.0625,-0.75,7194
794,4700.0,2,4,4747,517,1.0,0.666666666667,0.5,0.25,0.0,7195
795,4701.0,4,4,10748,368,1.0,0.0,1.0,1.0,0.0,7205
796,4872.0,4,4,9956,361,1.0,0.0,1.0,1.0,0.0,7411
797,4872.0,1,4,9956,362,1.0,0.0,0.25,0.0625,-0.5,7412
798,4873.0,4,4,4917,5,1.0,0.0,1.0,1.0,0.0,7417
799,4873.0,1,4,4917,6,1.0,0.0,0.25,0.0625,-0.5,7418
800,4873.0,1,4,4917,11,1.0,0.5,0.25,0.0625,-0.5,7419
801,4873.0,2,4,4874,11,1.0,0.666666666667,0.5,0.25,0.25,7419
802,4873.0,3,4,4876,11,1.0,0.666666666667,0.75,0.5625,0.25,7419
803,4873.0,2,4,4875,12,1.0,0.25,0.5,0.25,-0.5,7420
804,4873.0,2,4,4874,256,1.0,0.75,0.5,0.25,0.25,7421
805,4873.0,3,4,4875,256,1.0,0.4,0.75,0.5625,-0.25,7421
806,4873.0,1,4,4917,257,1.0,0.75,0.25,0.0625,0.0,7422
807,4873.0,2,4,4875,257,1.0,0.5,0.5,0.25,-0.5,7422
808,4905.0,3,4,8435,209,1.0,0.0,0.75,0.5625,0.0,7453
809,4918.0,4,4,12161,393,1.0,0.0,1.0,1.0,0.0,7468
810,4954.0,3,4,4975,2,1.0,0.0,0.75,0.5625,0.0,7513
811,4954.0,1,4,4975,3,1.0,0.0,0.25,0.0625,0.0,7514
812,4979.0,4,4,5108,64,1.0,0.0,1.0,1.0,0.0,7531
813,5012.0,3,4,5016,0,1.0,0.0,0.75,0.5625,0.0,7553
814,5012.0,4,4,5017,0,1.0,0.0,1.0,1.0,0.0,7553
815,5012.0,1,4,5017,1,1.0,0.0,0.25,0.0625,0.0,7554
816,5012.0,2,4,5015,1,1.0,0.0,0.5,0.25,0.0,7554
817,5012.0,2,4,5015,2,1.0,0.75,0.5,0.25,0.25,7555
818,5062.0,4,4,5130,9,1.0,0.0,1.0,1.0,0.0,7583
819,5064.0,3,4,5066,21,1.0,0.0,0.75,0.5625,0.0,7588
820,5064.0,4,4,5067,21,1.0,0.0,1.0,1.0,0.0,7588
821,5073.0,2,4,5077,639,1.0,0.0,0.5,0.25,0.0,7593
822,5098.0,1,4,5099,2,1.0,0.0,0.25,0.0625,0.0,7606
823,5098.0,2,4,5104,2,1.0,0.0,0.5,0.25,0.0,7606
824,5098.0,3,4,5115,2,1.0,0.0,0.75,0.5625,0.0,7606
825,5098.0,1,4,5099,3,1.0,0.5,0.25,0.0625,0.0,7607
826,5098.0,3,4,5115,3,1.0,0.0,0.75,0.5625,0.0,7607
827,5117.0,1,4,5258,21,1.0,0.0,0.25,0.0625,0.0,7618
828,5117.0,3,4,5256,21,1.0,0.0,0.75,0.5625,0.0,7618
829,5117.0,1,4,5258,22,1.0,0.0,0.25,0.0625,0.0,7619
830,5125.0,3,4,5254,19,1.0,0.0,0.75,0.5625,0.0,7634
831,5125.0,4,4,5254,20,1.0,0.0,1.0,1.0,0.0,7635
832,5164.0,1,4,5165,3,1.0,0.8,0.25,0.0625,0.0,7663
833,5164.0,2,4,5175,3,1.0,0.0,0.5,0.25,0.0,7663
834,5164.0,3,4,5176,3,1.0,0.0,0.75,0.5625,0.0,7663
835,5164.0,2,4,5176,4,1.0,0.0,0.5,0.25,0.0,7664
836,5177.0,3,4,5178,8,1.0,0.0,0.75,0.5625,0.0,7669
837,5177.0,4,4,5179,8,1.0,0.0,1.0,1.0,0.0,7669
838,5177.0,1,4,5179,9,1.0,0.0,0.25,0.0625,-0.25,7670
839,5177.0,2,4,5181,9,1.0,0.8,0.5,0.25,0.25,7670
840,5177.0,1,4,5181,152,1.0,0.833333333333,0.25,0.0625,0.0,7671
841,5282.0,1,4,5283,1,1.0,0.0,0.25,0.0625,0.0,7757
842,5282.0,3,4,5287,1,1.0,0.0,0.75,0.5625,0.0,7757
843,5282.0,1,4,5286,2,1.0,0.5,0.25,0.0625,0.0,7758
844,5282.0,4,4,5287,2,1.0,0.0,1.0,1.0,0.0,7758
845,5282.0,1,4,5286,5,1.0,0.75,0.25,0.0625,0.0,7759
846,5323.0,2,4,5328,1,1.0,0.0,0.5,0.25,0.0,7800
847,5323.0,3,4,5327,1,1.0,0.0,0.75,0.5625,0.0,7800
848,5323.0,1,4,5335,2,1.0,0.0,0.25,0.0625,-0.25,7801
849,5323.0,2,4,5327,2,1.0,0.0,0.5,0.25,-0.25,7801
850,5323.0,3,4,5328,2,1.0,0.5,0.75,0.5625,0.5,7801
851,5323.0,2,4,5328,3,1.0,0.666666666667,0.5,0.25,0.25,7802
852,5369.0,2,4,13045,444,1.0,0.0,0.5,0.25,0.0,7851
853,5395.0,4,4,5410,0,1.0,0.0,1.0,1.0,0.0,7873
854,5426.0,4,4,5603,24,1.0,0.0,1.0,1.0,0.0,7903
855,5441.0,4,4,5526,12,1.0,0.0,1.0,1.0,0.0,7924
856,5441.0,2,4,5526,13,1.0,0.0,0.5,0.25,-0.5,7925
857,5441.0,1,4,5442,14,1.0,0.888888888889,0.25,0.0625,0.0,7926
858,5441.0,2,4,5526,14,1.0,0.5,0.5,0.25,0.0,7926
859,5469.0,3,4,9948,566,1.0,0.0,0.75,0.5625,-0.25,7951
860,5469.0,1,4,5471,567,1.0,0.833333333333,0.25,0.0625,0.0,7952
861,5469.0,1,4,5471,568,1.0,0.857142857143,0.25,0.0625,0.0,7953
862,5474.0,4,4,5478,28,1.0,0.0,1.0,1.0,0.0,7961
863,5511.0,4,4,5573,7,1.0,0.0,1.0,1.0,0.0,7983
864,5511.0,2,4,5514,8,1.0,0.5,0.5,0.25,0.0,7984
865,5511.0,3,4,5573,8,1.0,0.0,0.75,0.5625,0.0,7984
866,5534.0,3,4,5543,4,1.0,0.0,0.75,0.5625,0.0,8002
867,5534.0,4,4,5541,4,1.0,0.0,1.0,1.0,0.0,8002
868,5534.0,2,4,5543,5,1.0,0.0,0.5,0.25,-0.25,8003
869,5534.0,3,4,5536,5,1.0,0.5,0.75,0.5625,0.25,8003
870,5534.0,1,4,5535,6,1.0,0.666666666667,0.25,0.0625,0.0,8004
871,5534.0,1,4,5535,9,1.0,0.75,0.25,0.0625,0.0,8005
872,5534.0,1,4,5535,10,1.0,0.8,0.25,0.0625,0.0,8006
873,5534.0,2,4,5543,10,1.0,0.5,0.5,0.25,0.0,8006
874,5534.0,1,4,5535,11,1.0,0.833333333333,0.25,0.0625,0.0,8007
875,5534.0,2,4,5536,11,1.0,0.666666666667,0.5,0.25,0.0,8007
876,5534.0,3,4,5541,11,1.0,0.0,0.75,0.5625,-0.25,8007
877,5534.0,4,4,5543,11,1.0,0.666666666667,1.0,1.0,0.25,8007
878,5534.0,1,4,5535,12,1.0,0.857142857143,0.25,0.0625,0.0,8008
879,5534.0,2,4,5543,12,1.0,0.75,0.5,0.25,0.0,8008
880,5534.0,3,4,5541,12,1.0,0.25,0.75,0.5625,-0.25,8008
881,5545.0,2,4,14797,519,1.0,0.0,0.5,0.25,-0.25,8019
882,5545.0,3,4,5561,520,1.0,0.5,0.75,0.5625,0.25,8020
883,5551.0,4,4,11865,274,1.0,0.0,1.0,1.0,0.0,8035
884,5551.0,1,4,8449,591,1.0,0.75,0.25,0.0625,-0.25,8036
885,5641.0,2,4,5663,4,1.0,0.0,0.5,0.25,-0.25,8110
886,5641.0,2,4,5663,5,1.0,0.0,0.5,0.25,0.0,8111
887,5649.0,1,4,5650,0,1.0,0.0,0.25,0.0625,0.0,8120
888,5649.0,3,4,5652,0,1.0,0.0,0.75,0.5625,0.0,8120
889,5674.0,1,4,5677,2,1.0,0.0,0.25,0.0625,0.0,8128
890,5674.0,2,4,5682,2,1.0,0.0,0.5,0.25,0.0,8128
891,5674.0,3,4,5686,2,1.0,0.0,0.75,0.5625,0.0,8128
892,5674.0,4,4,5676,2,1.0,0.0,1.0,1.0,0.0,8128
893,5674.0,2,4,5682,8,1.0,0.5,0.5,0.25,0.25,8129
894,5708.0,1,4,6887,19,1.0,0.0,0.25,0.0625,0.0,8142
895,5708.0,2,4,5720,19,1.0,0.0,0.5,0.25,0.0,8142
896,5708.0,1,4,5720,20,1.0,0.0,0.25,0.0625,0.0,8143
897,5745.0,2,4,5749,177,1.0,0.0,0.5,0.25,0.0,8167
898,5815.0,3,4,5850,2,1.0,0.0,0.75,0.5625,0.0,8208
899,5815.0,4,4,5851,2,1.0,0.0,1.0,1.0,0.0,8208
900,5815.0,2,4,5851,3,1.0,0.0,0.5,0.25,0.0,8209
901,5815.0,1,4,5826,17,1.0,0.666666666667,0.25,0.0625,0.0,8210
902,5815.0,1,4,5826,238,1.0,0.75,0.25,0.0625,0.0,8211
903,5856.0,1,4,5858,1,1.0,0.0,0.25,0.0625,0.0,8229
904,5856.0,2,4,5859,1,1.0,0.0,0.5,0.25,0.0,8229
905,5856.0,4,4,6860,1,1.0,0.0,1.0,1.0,0.0,8229
906,5856.0,2,4,5859,2,1.0,0.0,0.5,0.25,0.0,8230
907,6904.0,3,4,6906,478,1.0,0.0,0.75,0.5625,0.0,8257
908,6904.0,1,4,6918,479,1.0,0.8,0.25,0.0625,0.0,8258
909,6927.0,2,4,6973,3,1.0,0.0,0.5,0.25,0.0,8268
910,6927.0,2,4,6973,4,1.0,0.0,0.5,0.25,0.0,8269
911,6939.0,2,4,6941,0,1.0,0.0,0.5,0.25,0.0,8274
912,6939.0,3,4,6942,0,1.0,0.0,0.75,0.5625,0.0,8274
913,6939.0,1,4,6940,1,1.0,0.0,0.25,0.0625,0.0,8275
914,6939.0,2,4,6941,1,1.0,0.0,0.5,0.25,0.0,8275
915,6939.0,1,4,6940,3,1.0,0.666666666667,0.25,0.0625,0.0,8276
916,6939.0,1,4,6940,6,1.0,0.75,0.25,0.0625,0.0,8277
917,7043.0,1,4,7044,3,1.0,0.8,0.25,0.0625,0.0,8348
918,7043.0,3,4,7070,3,1.0,0.0,0.75,0.5625,0.0,8348
919,7043.0,3,4,7070,4,1.0,0.0,0.75,0.5625,0.0,8349
920,7043.0,2,4,7047,5,1.0,0.75,0.5,0.25,0.0,8350
921,7075.0,3,4,14753,444,1.0,0.0,0.75,0.5625,0.0,8366
922,7097.0,1,4,7130,5,1.0,0.0,0.25,0.0625,-0.5,8397
923,7097.0,3,4,7098,5,1.0,0.666666666667,0.75,0.5625,0.25,8397
924,7097.0,4,4,7113,5,1.0,0.0,1.0,1.0,0.0,8397
925,7097.0,1,4,7130,6,1.0,0.0,0.25,0.0625,-0.5,8398
926,7097.0,1,4,7130,13,1.0,0.5,0.25,0.0625,-0.5,8399
927,7097.0,1,4,7130,159,1.0,0.666666666667,0.25,0.0625,-0.25,8400
928,7122.0,2,4,10294,140,1.0,0.0,0.5,0.25,0.0,8425
929,8161.0,2,4,8162,5,1.0,0.0,0.5,0.25,0.0,8448
930,8161.0,4,4,8187,5,1.0,0.0,1.0,1.0,0.0,8448
931,8161.0,2,4,8187,6,1.0,0.0,0.5,0.25,0.0,8449
932,8177.0,3,4,8182,63,1.0,0.0,0.75,0.5625,0.0,8475
933,8193.0,3,4,8201,1,1.0,0.0,0.75,0.5625,0.0,8484
934,8193.0,2,4,8196,2,1.0,0.0,0.5,0.25,0.0,8485
935,8193.0,3,4,8201,2,1.0,0.0,0.75,0.5625,0.0,8485
936,8193.0,4,4,8195,2,1.0,0.0,1.0,1.0,0.0,8485
937,8193.0,1,4,8202,3,1.0,0.75,0.25,0.0625,0.0,8486
938,8193.0,3,4,8201,3,1.0,0.5,0.75,0.5625,0.25,8486
939,8193.0,1,4,8202,9,1.0,0.833333333333,0.25,0.0625,0.0,8487
940,8193.0,1,4,8202,61,1.0,0.857142857143,0.25,0.0625,0.0,8488
941,8235.0,1,4,8243,2,1.0,0.666666666667,0.25,0.0625,0.0,8521
942,8235.0,3,4,8248,2,1.0,0.0,0.75,0.5625,0.0,8521
943,8235.0,1,4,8243,11,1.0,0.857142857143,0.25,0.0625,0.0,8522
944,8235.0,1,4,8243,14,1.0,0.875,0.25,0.0625,0.0,8523
945,8235.0,1,4,8243,24,1.0,0.888888888889,0.25,0.0625,0.0,8524
946,8278.0,2,4,8283,2,1.0,0.0,0.5,0.25,0.0,8547
947,8278.0,3,4,8284,2,1.0,0.0,0.75,0.5625,0.0,8547
948,8278.0,4,4,8291,2,1.0,0.0,1.0,1.0,0.0,8547
949,8278.0,1,4,8286,3,1.0,0.5,0.25,0.0625,0.0,8548
950,8278.0,1,4,8286,4,1.0,0.8,0.25,0.0625,0.0,8549
951,8278.0,1,4,8286,22,1.0,0.833333333333,0.25,0.0625,0.0,8550
952,8278.0,2,4,8284,302,1.0,0.5,0.5,0.25,0.0,8551
953,8297.0,4,4,8308,1,1.0,0.0,1.0,1.0,0.0,8563
954,8297.0,1,4,8298,2,1.0,0.0,0.25,0.0625,0.0,8564
955,8297.0,1,4,8298,4,1.0,0.875,0.25,0.0625,0.0,8565
956,8297.0,1,4,8298,6,1.0,0.888888888889,0.25,0.0625,0.0,8566
957,8297.0,1,4,8298,13,1.0,0.9,0.25,0.0625,0.0,8567
958,8297.0,1,4,8298,21,1.0,0.909090909091,0.25,0.0625,0.0,8568
959,8297.0,1,4,8298,63,1.0,0.916666666667,0.25,0.0625,0.0,8569
960,8297.0,1,4,8298,85,1.0,0.923076923077,0.25,0.0625,0.0,8570
961,8318.0,1,4,8323,1,1.0,0.0,0.25,0.0625,0.0,8591
962,8318.0,2,4,8319,1,1.0,0.0,0.5,0.25,0.0,8591
963,8318.0,2,4,8322,2,1.0,0.0,0.5,0.25,0.0,8592
964,8318.0,2,4,8322,3,1.0,0.75,0.5,0.25,0.25,8593
965,8400.0,3,4,8447,44,1.0,0.0,0.75,0.5625,0.0,8644
966,8400.0,1,4,8549,45,1.0,0.5,0.25,0.0625,-0.25,8645
967,8459.0,2,4,8461,7,1.0,0.8,0.5,0.25,0.25,8683
968,8459.0,3,4,8464,7,1.0,0.0,0.75,0.5625,0.0,8683
969,8459.0,4,4,8484,7,1.0,0.0,1.0,1.0,0.0,8683
970,8459.0,2,4,8464,8,1.0,0.0,0.5,0.25,-0.25,8684
971,8459.0,3,4,8484,8,1.0,0.0,0.75,0.5625,-0.25,8684
972,8477.0,1,4,8478,4,1.0,0.833333333333,0.25,0.0625,0.0,8695
973,8477.0,4,4,8483,4,1.0,0.0,1.0,1.0,0.0,8695
974,8492.0,1,4,8494,2,1.0,0.0,0.25,0.0625,-0.25,8705
975,8492.0,2,4,8495,2,1.0,0.5,0.5,0.25,0.25,8705
976,8492.0,3,4,8493,2,1.0,0.0,0.75,0.5625,0.0,8705
977,8492.0,4,4,8496,2,1.0,0.0,1.0,1.0,0.0,8705
978,8492.0,1,4,8494,3,1.0,0.909090909091,0.25,0.0625,0.0,8706
979,8492.0,2,4,8496,3,1.0,0.0,0.5,0.25,-0.5,8706
980,8492.0,3,4,8493,3,1.0,0.5,0.75,0.5625,0.0,8706
981,8492.0,4,4,8495,3,1.0,0.666666666667,1.0,1.0,0.5,8706
982,8492.0,1,4,8494,5,1.0,0.916666666667,0.25,0.0625,0.0,8707
983,8492.0,2,4,8493,95,1.0,0.666666666667,0.5,0.25,0.0,8709
984,8492.0,3,4,8496,95,1.0,0.5,0.75,0.5625,-0.25,8709
985,8492.0,2,4,8493,105,1.0,0.75,0.5,0.25,0.0,8710
986,8492.0,1,4,8494,106,1.0,0.928571428571,0.25,0.0625,0.0,8711
987,8492.0,1,4,8494,219,1.0,0.9375,0.25,0.0625,0.0,8712
988,8648.0,3,4,8650,25,1.0,0.0,0.75,0.5625,0.0,8809
989,8648.0,4,4,9889,25,1.0,0.0,1.0,1.0,0.0,8809
990,8648.0,1,4,8651,26,1.0,0.8,0.25,0.0625,0.0,8810
991,8648.0,2,4,8655,26,1.0,0.666666666667,0.5,0.25,0.0,8810
992,8648.0,3,4,9889,26,1.0,0.0,0.75,0.5625,0.0,8810
993,8648.0,1,4,8655,32,1.0,0.75,0.25,0.0625,-0.25,8811
994,8658.0,2,4,8663,1,1.0,0.0,0.5,0.25,0.0,8815
995,8658.0,3,4,8662,1,1.0,0.0,0.75,0.5625,0.0,8815
996,8658.0,4,4,8674,1,1.0,0.0,1.0,1.0,0.0,8815
997,8658.0,1,4,8659,2,1.0,0.857142857143,0.25,0.0625,0.0,8816
998,8658.0,2,4,8663,2,1.0,0.75,0.5,0.25,0.0,8816
999,8658.0,1,4,8659,4,1.0,0.888888888889,0.25,0.0625,0.0,8817
1000,8658.0,2,4,8663,4,1.0,0.8,0.5,0.25,0.0,8817
1001,8658.0,2,4,8663,5,1.0,0.833333333333,0.5,0.25,0.0,8818
1002,8658.0,1,4,8659,6,1.0,0.9,0.25,0.0625,0.0,8819
1003,8658.0,2,4,8663,6,1.0,0.857142857143,0.5,0.25,0.0,8819
1004,8677.0,3,4,8681,1,1.0,0.0,0.75,0.5625,0.0,8828
1005,8677.0,4,4,8683,1,1.0,0.0,1.0,1.0,0.0,8828
1006,8677.0,2,4,8681,2,1.0,0.0,0.5,0.25,0.0,8829
1007,8737.0,1,4,8739,3,1.0,0.5,0.25,0.0625,0.0,8871
1008,8737.0,2,4,8740,3,1.0,0.0,0.5,0.25,0.0,8871
1009,8737.0,4,4,8769,3,1.0,0.0,1.0,1.0,0.0,8871
1010,8737.0,2,4,8769,4,1.0,0.0,0.5,0.25,0.0,8872
1011,8749.0,4,4,10047,34,1.0,0.0,1.0,1.0,0.0,8883
1012,8799.0,4,4,9812,4,1.0,0.0,1.0,1.0,0.0,8929
1013,8799.0,1,4,9812,5,1.0,0.0,0.25,0.0625,-0.75,8930
1014,8799.0,2,4,8803,5,1.0,0.75,0.5,0.25,0.0,8930
1015,8799.0,1,4,8801,6,1.0,0.888888888889,0.25,0.0625,0.0,8931
1016,8799.0,2,4,9812,6,1.0,0.5,0.5,0.25,-0.5,8931
1017,9820.0,2,4,9834,31,1.0,0.0,0.5,0.25,0.0,8962
1018,9887.0,1,4,9893,3,1.0,0.0,0.25,0.0625,-0.25,8980
1019,9887.0,3,4,9908,3,1.0,0.0,0.75,0.5625,0.0,8980
1020,9887.0,1,4,9888,4,1.0,0.75,0.25,0.0625,0.0,8981
1021,9887.0,2,4,9908,4,1.0,0.0,0.5,0.25,0.0,8981
1022,9887.0,2,4,9908,29,1.0,0.5,0.5,0.25,0.0,8982
1023,9897.0,2,4,14974,359,1.0,0.0,0.5,0.25,0.0,8988
1024,9897.0,4,4,14974,360,1.0,0.0,1.0,1.0,0.0,8989
1025,9958.0,1,4,9961,1,1.0,0.0,0.25,0.0625,0.0,9015
1026,9958.0,2,4,9959,1,1.0,0.0,0.5,0.25,0.0,9015
1027,9958.0,4,4,9964,2,1.0,0.0,1.0,1.0,0.0,9016
1028,9958.0,1,4,9961,5,1.0,0.833333333333,0.25,0.0625,0.0,9017
1029,9958.0,1,4,9961,6,1.0,0.857142857143,0.25,0.0625,0.0,9018
1030,10076.0,2,4,10078,1,1.0,0.0,0.5,0.25,0.0,9086
1031,10076.0,3,4,10079,1,1.0,0.0,0.75,0.5625,0.0,9086
1032,10076.0,4,4,10080,1,1.0,0.0,1.0,1.0,0.0,9086
1033,10076.0,1,4,10088,2,1.0,0.0,0.25,0.0625,0.0,9087
1034,10076.0,1,4,10088,3,1.0,0.666666666667,0.25,0.0625,0.0,9088
1035,10076.0,4,4,10080,3,1.0,0.5,1.0,1.0,0.5,9088
1036,10076.0,1,4,10088,7,1.0,0.75,0.25,0.0625,0.0,9089
1037,10076.0,1,4,10088,222,1.0,0.8,0.25,0.0625,0.0,9090
1038,10145.0,2,4,10195,3,1.0,0.0,0.5,0.25,0.0,9108
1039,10145.0,3,4,10220,3,1.0,0.0,0.75,0.5625,0.0,9108
1040,10146.0,3,4,10236,4,1.0,0.0,0.75,0.5625,0.0,9112
1041,10178.0,2,4,13314,248,1.0,0.0,0.5,0.25,0.0,9126
1042,10178.0,2,4,13314,249,1.0,0.0,0.5,0.25,0.0,9127
1043,10178.0,2,4,13314,250,1.0,0.5,0.5,0.25,0.0,9128
1044,10178.0,2,4,13314,251,1.0,0.666666666667,0.5,0.25,0.0,9129
1045,10225.0,2,4,10227,2,1.0,0.0,0.5,0.25,0.0,9147
1046,10225.0,4,4,10239,2,1.0,0.0,1.0,1.0,0.0,9147
1047,10225.0,1,4,10238,3,1.0,0.0,0.25,0.0625,0.0,9148
1048,10258.0,2,4,10325,6,1.0,0.0,0.5,0.25,0.0,9160
1049,10258.0,3,4,10326,6,1.0,0.0,0.75,0.5625,0.0,9160
1050,10258.0,2,4,10325,7,1.0,0.0,0.5,0.25,0.0,9161
1051,10258.0,1,4,10261,8,1.0,0.666666666667,0.25,0.0625,0.0,9162
1052,10336.0,1,4,10337,1,1.0,0.0,0.25,0.0625,0.0,9197
1053,10336.0,4,4,10352,1,1.0,0.0,1.0,1.0,0.0,9197
1054,10365.0,4,4,10471,7,1.0,0.0,1.0,1.0,0.0,9209
1055,10365.0,2,4,10373,8,1.0,0.666666666667,0.5,0.25,0.25,9210
1056,10365.0,3,4,10471,8,1.0,0.0,0.75,0.5625,0.0,9210
1057,10365.0,1,4,10372,18,1.0,0.666666666667,0.25,0.0625,0.0,9211
1058,10365.0,2,4,10369,18,1.0,0.5,0.5,0.25,-0.25,9211
1059,10365.0,3,4,10471,18,1.0,0.5,0.75,0.5625,-0.25,9211
1060,10420.0,4,4,11872,58,1.0,0.0,1.0,1.0,0.0,9241
1061,10473.0,4,4,10478,0,1.0,0.0,1.0,1.0,0.0,9269
1062,10473.0,1,4,10476,1,1.0,0.0,0.25,0.0625,0.0,9270
1063,10473.0,3,4,10478,1,1.0,0.0,0.75,0.5625,0.0,9270
1064,10473.0,1,4,10476,2,1.0,0.75,0.25,0.0625,-0.25,9271
1065,10473.0,2,4,10475,2,1.0,0.833333333333,0.5,0.25,0.25,9271
1066,10473.0,1,4,10476,6,1.0,0.8,0.25,0.0625,-0.25,9272
1067,10473.0,2,4,10475,20,1.0,0.875,0.5,0.25,0.25,9273
1068,10539.0,4,4,10544,0,1.0,0.0,1.0,1.0,0.0,9317
1069,10539.0,1,4,10540,1,1.0,0.0,0.25,0.0625,0.0,9318
1070,10539.0,2,4,10542,1,1.0,0.0,0.5,0.25,0.0,9318
1071,10539.0,3,4,10541,1,1.0,0.0,0.75,0.5625,0.0,9318
1072,10539.0,4,4,10544,1,1.0,0.0,1.0,1.0,0.0,9318
1073,10539.0,1,4,10540,2,1.0,0.666666666667,0.25,0.0625,-0.25,9319
1074,10539.0,3,4,10542,2,1.0,0.8,0.75,0.5625,0.5,9319
1075,10580.0,3,4,10648,19,1.0,0.0,0.75,0.5625,0.0,9346
1076,10580.0,1,4,10585,20,1.0,0.8,0.25,0.0625,0.0,9347
1077,10580.0,2,4,10648,20,1.0,0.0,0.5,0.25,-0.25,9347
1078,10582.0,2,4,10589,4,1.0,0.5,0.5,0.25,0.25,9353
1079,10582.0,3,4,10624,4,1.0,0.0,0.75,0.5625,0.0,9353
1080,10582.0,2,4,10589,5,1.0,0.666666666667,0.5,0.25,0.25,9354
1081,10634.0,2,4,10646,2,1.0,0.0,0.5,0.25,0.0,9381
1082,10634.0,3,4,10665,2,1.0,0.0,0.75,0.5625,0.0,9381
1083,10634.0,3,4,10665,3,1.0,0.0,0.75,0.5625,0.0,9382
1084,11902.0,2,4,12282,47,1.0,0.0,0.5,0.25,0.0,9566
1085,12023.0,1,4,12030,270,1.0,0.875,0.25,0.0625,0.0,9646
1086,12023.0,3,4,15295,270,1.0,0.0,0.75,0.5625,0.0,9646
1087,12042.0,1,4,12068,10,1.0,0.0,0.25,0.0625,0.0,9659
1088,12049.0,2,4,12087,7,1.0,0.0,0.5,0.25,0.0,9663
1089,12049.0,2,4,12087,8,1.0,0.0,0.5,0.25,0.0,9664
1090,12126.0,2,4,12129,4,1.0,0.0,0.5,0.25,0.0,9733
1091,12126.0,3,4,12139,4,1.0,0.0,0.75,0.5625,0.0,9733
1092,12126.0,1,4,12139,5,1.0,0.0,0.25,0.0625,-0.25,9734
1093,12126.0,1,4,12139,22,1.0,0.5,0.25,0.0625,0.0,9735
1094,12214.0,4,4,12233,183,1.0,0.0,1.0,1.0,0.0,9791
1095,12235.0,4,4,12250,70,1.0,0.0,1.0,1.0,0.0,9801
1096,12251.0,1,4,12253,1,1.0,0.0,0.25,0.0625,0.0,9805
1097,12251.0,3,4,12261,1,1.0,0.0,0.75,0.5625,0.0,9805
1098,12251.0,4,4,12267,1,1.0,0.0,1.0,1.0,0.0,9805
1099,12251.0,1,4,12253,2,1.0,0.666666666667,0.25,0.0625,0.0,9806
1100,12251.0,3,4,12267,2,1.0,0.0,0.75,0.5625,0.0,9806
1101,12273.0,2,4,12309,35,1.0,0.0,0.5,0.25,0.0,9824
1102,12288.0,1,4,12289,1,1.0,0.0,0.25,0.0625,0.0,9826
1103,12288.0,3,4,12293,1,1.0,0.0,0.75,0.5625,0.0,9826
1104,12288.0,2,4,12293,2,1.0,0.0,0.5,0.25,0.0,9827
1105,12288.0,1,4,12289,3,1.0,0.833333333333,0.25,0.0625,0.0,9828
1106,12343.0,1,4,12344,0,1.0,0.0,0.25,0.0625,0.0,9854
1107,12343.0,4,4,12348,0,1.0,0.0,1.0,1.0,0.0,9854
1108,12343.0,1,4,12346,1,1.0,0.0,0.25,0.0625,0.0,9855
1109,12433.0,1,4,12446,6,1.0,0.8,0.25,0.0625,0.0,9933
1110,12433.0,4,4,12483,6,1.0,0.0,1.0,1.0,0.0,9933
1111,12448.0,3,4,12454,4,1.0,0.0,0.75,0.5625,0.0,9944
1112,12448.0,1,4,12451,5,1.0,-0.5,0.25,0.0625,-0.75,9945
1113,12448.0,2,4,12450,5,1.0,0.8,0.5,0.25,0.25,9945
1114,12448.0,3,4,12454,5,1.0,0.0,0.75,0.5625,0.25,9945
1115,12448.0,3,4,12454,8,1.0,0.5,0.75,0.5625,0.25,9946
1116,12515.0,3,4,12534,173,1.0,0.0,0.75,0.5625,0.0,9974
1117,12541.0,3,4,12544,0,1.0,0.0,0.75,0.5625,0.0,9988
1118,12541.0,4,4,12545,0,1.0,0.0,1.0,1.0,0.0,9988
1119,12541.0,2,4,12543,1,1.0,0.0,0.5,0.25,0.0,9989
1120,12541.0,4,4,12545,1,1.0,0.0,1.0,1.0,0.0,9989
1121,12541.0,1,4,12542,4,1.0,0.9,0.25,0.0625,0.0,9990
1122,12541.0,2,4,12542,6,1.0,0.916666666667,0.5,0.25,0.25,9991
1123,12541.0,1,4,12542,19,1.0,0.928571428571,0.25,0.0625,0.0,9993
1124,12541.0,2,4,12543,19,1.0,0.666666666667,0.5,0.25,0.0,9993
1125,12541.0,2,4,12543,21,1.0,0.75,0.5,0.25,0.0,9994
1126,12733.0,3,4,12734,11,1.0,0.0,0.75,0.5625,0.0,10140
1127,12733.0,4,4,12872,11,1.0,0.0,1.0,1.0,0.0,10140
1128,12742.0,2,4,12750,1,1.0,0.0,0.5,0.25,0.0,10142
1129,12779.0,3,4,12780,5,1.0,0.0,0.75,0.5625,0.0,10157
1130,12779.0,4,4,12781,5,1.0,0.0,1.0,1.0,0.0,10157
1131,12779.0,1,4,12785,6,1.0,0.5,0.25,0.0625,0.0,10158
1132,12779.0,2,4,12784,6,1.0,0.5,0.5,0.25,0.0,10158
1133,12839.0,1,4,12853,2,1.0,0.0,0.25,0.0625,0.0,10183
1134,12839.0,3,4,12844,2,1.0,0.0,0.75,0.5625,0.0,10183
1135,12839.0,4,4,12869,2,1.0,0.0,1.0,1.0,0.0,10183
1136,12879.0,1,4,12883,1,1.0,0.0,0.25,0.0625,0.0,10195
1137,12879.0,2,4,12882,1,1.0,0.0,0.5,0.25,0.0,10195
1138,12879.0,3,4,12885,1,1.0,0.0,0.75,0.5625,0.0,10195
1139,12879.0,1,4,12883,5,1.0,0.666666666667,0.25,0.0625,0.0,10196
1140,12890.0,1,4,12893,10,1.0,0.833333333333,0.25,0.0625,0.0,10206
1141,12890.0,1,4,12893,34,1.0,0.857142857143,0.25,0.0625,0.0,10207
1142,12890.0,1,4,12893,35,1.0,0.875,0.25,0.0625,0.0,10208
1143,12890.0,1,4,12893,143,1.0,0.888888888889,0.25,0.0625,0.0,10209
1144,12890.0,1,4,12893,157,1.0,0.9,0.25,0.0625,0.0,10210
1145,12933.0,1,4,12936,1,1.0,0.0,0.25,0.0625,0.0,10233
1146,12933.0,2,4,12935,1,1.0,0.0,0.5,0.25,0.0,10233
1147,12933.0,1,4,12936,2,1.0,0.666666666667,0.25,0.0625,0.0,10234
1148,12933.0,1,4,12936,3,1.0,0.75,0.25,0.0625,0.0,10235
1149,12992.0,1,4,12993,1,1.0,0.0,0.25,0.0625,0.0,10267
1150,12992.0,2,4,12994,1,1.0,0.0,0.5,0.25,0.0,10267
1151,12992.0,3,4,13003,1,1.0,0.0,0.75,0.5625,0.0,10267
1152,12992.0,4,4,13008,1,1.0,0.0,1.0,1.0,0.0,10267
1153,12992.0,2,4,12994,2,1.0,0.857142857143,0.5,0.25,0.25,10268
1154,12992.0,3,4,13003,2,1.0,0.0,0.75,0.5625,0.0,10268
1155,12992.0,4,4,13008,2,1.0,0.0,1.0,1.0,0.0,10268
1156,13089.0,1,4,13090,3,1.0,0.0,0.25,0.0625,0.0,10336
1157,13089.0,2,4,13135,3,1.0,0.0,0.5,0.25,0.0,10336
1158,13089.0,3,4,13139,3,1.0,0.0,0.75,0.5625,0.0,10336
1159,13089.0,4,4,13140,3,1.0,0.0,1.0,1.0,0.0,10336
1160,13089.0,1,4,13139,4,1.0,0.0,0.25,0.0625,0.0,10337
1161,13152.0,3,4,13188,5,1.0,0.0,0.75,0.5625,0.0,10384
1162,13152.0,4,4,13189,5,1.0,0.0,1.0,1.0,0.0,10384
1163,13262.0,4,4,13267,19,1.0,0.0,1.0,1.0,0.0,10477
1164,13262.0,1,4,13267,20,1.0,0.0,0.25,0.0625,-0.5,10478
1165,13262.0,1,4,13265,39,1.0,0.8,0.25,0.0625,-0.25,10479
1166,13262.0,2,4,13267,39,1.0,0.5,0.5,0.25,-0.25,10479
1167,13290.0,2,4,13291,2,1.0,0.0,0.5,0.25,0.0,10499
1168,13290.0,2,4,13307,3,1.0,0.0,0.5,0.25,0.0,10500
1169,13290.0,1,4,13297,4,1.0,0.833333333333,0.25,0.0625,0.0,10501
1170,13368.0,3,4,13393,6,1.0,0.0,0.75,0.5625,0.0,10556
1171,13368.0,1,4,13370,17,1.0,0.9,0.25,0.0625,0.0,10557
1172,13433.0,4,4,13443,1,1.0,0.0,1.0,1.0,0.0,10597
1173,13433.0,2,4,13440,2,1.0,0.0,0.5,0.25,0.0,10598
1174,13433.0,4,4,13443,2,1.0,0.0,1.0,1.0,0.0,10598
1175,13445.0,2,4,13448,1,1.0,0.0,0.5,0.25,0.0,10608
1176,13445.0,4,4,13450,1,1.0,0.0,1.0,1.0,0.0,10608
1177,13445.0,1,4,13446,2,1.0,0.8,0.25,0.0625,0.0,10609
1178,13445.0,2,4,13449,2,1.0,0.0,0.5,0.25,0.0,10609
1179,13445.0,3,4,13450,2,1.0,0.0,0.75,0.5625,0.0,10609
1180,13445.0,2,4,13446,4,1.0,0.857142857143,0.5,0.25,0.25,10610
1181,13543.0,2,4,13544,1,1.0,0.0,0.5,0.25,0.0,10701
1182,13553.0,1,4,13554,0,1.0,0.0,0.25,0.0625,0.0,10710
1183,13553.0,2,4,13555,0,1.0,0.0,0.5,0.25,0.0,10710
1184,13553.0,2,4,13557,1,1.0,0.0,0.5,0.25,0.0,10711
1185,13553.0,3,4,13554,1,1.0,0.0,0.75,0.5625,0.0,10711
1186,13553.0,4,4,13555,1,1.0,0.0,1.0,1.0,0.0,10711
1187,13606.0,4,4,14854,36,1.0,0.0,1.0,1.0,0.0,10755
1188,13645.0,3,4,13667,3,1.0,0.0,0.75,0.5625,0.0,10786
1189,13670.0,4,4,14907,34,1.0,0.0,1.0,1.0,0.0,10821
1190,14705.0,3,4,14709,0,1.0,0.0,0.75,0.5625,0.0,10857
1191,14705.0,4,4,14711,0,1.0,0.0,1.0,1.0,0.0,10857
1192,14705.0,1,4,14708,1,1.0,0.0,0.25,0.0625,0.0,10858
1193,14705.0,2,4,14706,1,1.0,0.0,0.5,0.25,0.0,10858
1194,14705.0,3,4,14709,1,1.0,0.0,0.75,0.5625,0.0,10858
1195,14705.0,4,4,14711,1,1.0,0.0,1.0,1.0,0.0,10858
1196,14705.0,2,4,14706,2,1.0,0.666666666667,0.5,0.25,0.25,10859
1197,14705.0,1,4,14708,6,1.0,0.75,0.25,0.0625,0.0,10860
1198,14722.0,3,4,14745,4,1.0,0.0,0.75,0.5625,0.0,10870
1199,14722.0,2,4,14745,5,1.0,0.0,0.5,0.25,-0.25,10871
1200,14794.0,4,4,14873,10,1.0,0.0,1.0,1.0,0.0,10934
1201,14861.0,1,4,14863,2,1.0,0.666666666667,0.25,0.0625,-0.25,10981
1202,14861.0,2,4,14864,2,1.0,0.75,0.5,0.25,0.25,10981
1203,14861.0,3,4,14865,2,1.0,0.666666666667,0.75,0.5625,0.0,10981
1204,15006.0,4,4,15021,5,1.0,0.0,1.0,1.0,0.0,11085
1205,15006.0,3,4,15014,6,1.0,0.666666666667,0.75,0.5625,0.5,11086
1206,15086.0,1,4,15087,0,1.0,0.0,0.25,0.0625,0.0,11134
1207,15086.0,3,4,15092,0,1.0,0.0,0.75,0.5625,0.0,11134
1208,15086.0,4,4,15096,0,1.0,0.0,1.0,1.0,0.0,11134
1209,15086.0,1,4,15087,1,1.0,0.0,0.25,0.0625,0.0,11135
1210,15089.0,3,4,15098,0,1.0,0.0,0.75,0.5625,0.0,11136
1211,15089.0,4,4,15099,0,1.0,0.0,1.0,1.0,0.0,11136
1212,15089.0,1,4,15091,1,1.0,0.0,0.25,0.0625,0.0,11137
1213,15089.0,3,4,15099,1,1.0,0.0,0.75,0.5625,0.0,11137
1214,15089.0,1,4,15094,2,1.0,0.8,0.25,0.0625,-0.25,11138
1215,15089.0,2,4,15091,2,1.0,0.833333333333,0.5,0.25,0.25,11138
1216,15089.0,1,4,15094,8,1.0,0.875,0.25,0.0625,0.0,11139
1217,15112.0,2,4,15542,52,1.0,0.0,0.5,0.25,0.0,11153
1218,15112.0,1,4,15542,53,1.0,0.0,0.25,0.0625,0.0,11154
1219,15169.0,3,4,15325,16,1.0,0.0,0.75,0.5625,0.0,11202
1220,15169.0,1,4,15173,17,1.0,0.666666666667,0.25,0.0625,-0.25,11203
1221,15199.0,2,4,15224,44,1.0,0.0,0.5,0.25,0.0,11229
1222,15261.0,1,4,15265,1,1.0,0.0,0.25,0.0625,0.0,11281
1223,15261.0,2,4,15267,1,1.0,0.0,0.5,0.25,0.0,11281
1224,15261.0,3,4,15271,1,1.0,0.0,0.75,0.5625,0.0,11281
1225,15261.0,1,4,15265,2,1.0,0.833333333333,0.25,0.0625,0.0,11282
1226,15261.0,3,4,15271,2,1.0,0.0,0.75,0.5625,0.0,11282
1227,15377.0,2,4,15379,27,1.0,0.0,0.5,0.25,0.0,11363
1228,15377.0,3,4,15381,27,1.0,0.0,0.75,0.5625,0.0,11363
1229,15377.0,4,4,15583,27,1.0,0.0,1.0,1.0,0.0,11363
1230,15382.0,1,4,15383,2,1.0,0.5,0.25,0.0625,0.0,11366
1231,15382.0,3,4,15385,2,1.0,0.0,0.75,0.5625,0.0,11366
1232,15519.0,1,4,15520,2,1.0,0.0,0.25,0.0625,0.0,11458
1233,15519.0,2,4,15526,2,1.0,0.0,0.5,0.25,0.0,11458
1234,15519.0,3,4,15531,2,1.0,0.0,0.75,0.5625,0.0,11458
1235,15519.0,4,4,15533,2,1.0,0.0,1.0,1.0,0.0,11458
1236,15519.0,2,4,15533,3,1.0,0.0,0.5,0.25,0.0,11459
1237,15519.0,2,4,15533,4,1.0,0.5,0.5,0.25,0.25,11460
1238,15519.0,2,4,15526,7,1.0,0.5,0.5,0.25,0.25,11461
1239,15534.0,3,4,15541,10,1.0,0.0,0.75,0.5625,0.0,11470
1240,15670.0,1,4,15671,0,1.0,0.0,0.25,0.0625,0.0,11554
1241,15670.0,4,4,15677,0,1.0,0.0,1.0,1.0,0.0,11554
1242,15670.0,2,4,15672,1,1.0,0.0,0.5,0.25,0.0,11555
1243,15670.0,2,4,15672,2,1.0,0.25,0.5,0.25,0.25,11556
1244,22.0,1,4,46,1372,1.0,0.823529411765,0.25,0.0625,-0.25,143
1245,38.0,1,4,57,17,1.0,0.9,0.25,0.0625,0.0,244
1246,63.0,1,4,65,1,1.0,0.0,0.25,0.0625,0.0,336
1247,63.0,3,4,73,1,1.0,0.0,0.75,0.5625,0.0,336
1248,108.0,3,4,119,1,1.0,0.0,0.75,0.5625,0.0,495
1249,123.0,1,4,2162,154,1.0,0.0,0.25,0.0625,-0.5,563
1250,150.0,3,4,15250,1447,1.0,0.0,0.75,0.5625,0.0,663
1251,172.0,3,4,203,4,1.0,0.0,0.75,0.5625,-0.25,682
1252,174.0,1,4,177,0,1.0,0.0,0.25,0.0625,0.0,698
1253,174.0,2,4,178,0,1.0,0.0,0.5,0.25,0.0,698
1254,252.0,2,4,254,4,1.0,0.75,0.5,0.25,0.25,887
1255,468.0,1,4,469,3,1.0,0.833333333333,0.25,0.0625,0.0,1348
1256,471.0,3,4,7106,952,1.0,0.0,0.75,0.5625,0.0,1368
1257,479.0,2,4,2173,150,1.0,0.0,0.5,0.25,0.0,1382
1258,480.0,3,4,2867,305,1.0,0.0,0.75,0.5625,0.0,1387
1259,536.0,1,4,13482,1357,1.0,0.5,0.25,0.0625,0.0,1506
1260,559.0,4,4,561,0,1.0,0.0,1.0,1.0,0.0,1550
1261,559.0,1,4,562,1,1.0,0.0,0.25,0.0625,0.0,1551
1262,579.0,3,4,600,1,1.0,0.0,0.75,0.5625,0.0,1590
1263,652.0,2,4,1177,725,1.0,0.5,0.5,0.25,-0.5,1701
1264,818.0,1,4,866,4,1.0,0.0,0.25,0.0625,-0.25,1988
1265,818.0,1,4,866,5,1.0,0.8,0.25,0.0625,0.0,1989
1266,827.0,1,4,831,1309,1.0,0.933333333333,0.25,0.0625,0.0,2015
1267,888.0,4,4,893,0,1.0,0.0,1.0,1.0,0.0,2113
1268,1071.0,3,4,10462,1077,1.0,0.0,0.75,0.5625,0.0,2342
1269,1139.0,2,4,1144,1,1.0,0.0,0.5,0.25,0.0,2443
1270,1235.0,4,4,12531,1203,1.0,0.0,1.0,1.0,0.0,2567
1271,1273.0,2,4,1276,0,1.0,0.0,0.5,0.25,0.0,2624
1272,1273.0,4,4,1298,0,1.0,0.0,1.0,1.0,0.0,2624
1273,1301.0,2,4,3098,319,1.0,0.0,0.5,0.25,-0.25,2684
1274,1323.0,1,4,1333,0,1.0,0.0,0.25,0.0625,0.0,2705
1275,1357.0,2,4,1370,0,1.0,0.0,0.5,0.25,0.0,2761
1276,1357.0,1,4,1367,1,1.0,0.0,0.25,0.0625,0.0,2762
1277,1357.0,2,4,1370,1,1.0,0.0,0.5,0.25,0.0,2762
1278,1357.0,3,4,1371,1,1.0,0.0,0.75,0.5625,0.0,2762
1279,1357.0,4,4,1372,1,1.0,0.0,1.0,1.0,0.0,2762
1280,1395.0,1,4,1398,0,1.0,0.0,0.25,0.0625,0.0,2822
1281,1395.0,2,4,1399,0,1.0,0.0,0.5,0.25,0.0,2822
1282,1395.0,2,4,1402,1,1.0,0.0,0.5,0.25,0.0,2823
1283,1395.0,4,4,1399,91,1.0,0.666666666667,1.0,1.0,0.75,2824
1284,1395.0,4,4,1398,287,1.0,0.666666666667,1.0,1.0,0.25,2825
1285,1826.0,4,4,14770,1308,1.0,0.0,1.0,1.0,0.0,3466
1286,1926.0,2,4,1927,1,1.0,0.0,0.5,0.25,0.0,3597
1287,1926.0,3,4,1929,1,1.0,0.0,0.75,0.5625,0.0,3597
1288,1926.0,4,4,1939,1,1.0,0.0,1.0,1.0,0.0,3597
1289,1969.0,2,4,1973,1,1.0,0.0,0.5,0.25,0.0,3656
1290,2085.0,3,4,2088,0,1.0,0.0,0.75,0.5625,0.0,3871
1291,2121.0,2,4,2123,0,1.0,0.0,0.5,0.25,0.0,3928
1292,2121.0,1,4,2124,1,1.0,0.0,0.25,0.0625,0.0,3929
1293,2242.0,2,4,2301,9,1.0,0.0,0.5,0.25,0.0,4122
1294,2261.0,4,4,2310,8,1.0,0.0,1.0,1.0,0.0,4150
1295,2334.0,1,4,2337,1057,1.0,0.95,0.25,0.0625,0.0,4309
1296,2450.0,3,4,2453,0,1.0,0.0,0.75,0.5625,0.0,4460
1297,2630.0,1,4,2631,867,1.0,0.888888888889,0.25,0.0625,0.0,4702
1298,2741.0,3,4,13179,1045,1.0,0.0,0.75,0.5625,0.0,4852
1299,2767.0,1,4,2771,1,1.0,0.0,0.25,0.0625,0.0,4899
1300,2767.0,2,4,2768,1,1.0,0.0,0.5,0.25,0.0,4899
1301,2767.0,4,4,2770,1,1.0,0.0,1.0,1.0,0.0,4899
1302,2772.0,3,4,2773,493,1.0,0.944444444444,0.75,0.5625,0.5,4919
1303,2826.0,2,4,2830,0,1.0,0.0,0.5,0.25,0.0,5047
1304,2826.0,3,4,2831,0,1.0,0.0,0.75,0.5625,0.0,5047
1305,2826.0,1,4,2833,1,1.0,0.0,0.25,0.0625,0.0,5048
1306,2826.0,4,4,2831,1,1.0,0.0,1.0,1.0,0.0,5048
1307,2826.0,1,4,2833,2,1.0,0.75,0.25,0.0625,-0.25,5049
1308,2826.0,2,4,2827,3,1.0,0.833333333333,0.5,0.25,0.0,5050
1309,3089.0,1,4,3091,0,1.0,0.0,0.25,0.0625,0.0,5385
1310,3090.0,1,4,3107,5,1.0,0.0,0.25,0.0625,-0.25,5393
1311,3138.0,3,4,3167,10,1.0,0.0,0.75,0.5625,0.0,5450
1312,3185.0,2,4,3188,0,1.0,0.0,0.5,0.25,0.0,5502
1313,3326.0,1,4,3330,2,1.0,0.0,0.25,0.0625,0.0,5677
1314,3404.0,3,4,3454,10,1.0,0.0,0.75,0.5625,0.0,5774
1315,3447.0,3,4,3450,1,1.0,0.0,0.75,0.5625,0.0,5839
1316,3447.0,4,4,3451,1,1.0,0.0,1.0,1.0,0.0,5839
1317,3554.0,1,4,3566,2,1.0,0.0,0.25,0.0625,0.0,5998
1318,3670.0,4,4,3786,28,1.0,0.0,1.0,1.0,0.0,6123
1319,3751.0,2,4,3753,0,1.0,0.0,0.5,0.25,0.0,6178
1320,3813.0,1,4,3817,3,1.0,0.0,0.25,0.0625,0.0,6253
1321,3813.0,2,4,3815,3,1.0,0.0,0.5,0.25,0.0,6253
1322,3813.0,3,4,3818,3,1.0,0.0,0.75,0.5625,0.0,6253
1323,3813.0,4,4,3821,3,1.0,0.0,1.0,1.0,0.0,6253
1324,3934.0,1,4,3935,1,1.0,0.0,0.25,0.0625,0.0,6406
1325,3934.0,3,4,3938,1,1.0,0.0,0.75,0.5625,0.0,6406
1326,3970.0,2,4,3980,6,1.0,0.666666666667,0.5,0.25,0.0,6446
1327,4109.0,1,4,4111,2,1.0,0.666666666667,0.25,0.0625,0.0,6609
1328,4113.0,3,4,8453,359,1.0,0.0,0.75,0.5625,0.25,6622
1329,4113.0,4,4,8453,360,1.0,0.0,1.0,1.0,0.25,6623
1330,4128.0,4,4,9928,416,1.0,0.0,1.0,1.0,0.0,6644
1331,4128.0,3,4,4138,417,1.0,0.875,0.75,0.5625,0.5,6645
1332,4139.0,2,4,4143,5,1.0,0.833333333333,0.5,0.25,0.25,6653
1333,4139.0,3,4,4165,5,1.0,0.0,0.75,0.5625,0.0,6653
1334,4640.0,4,4,4647,0,1.0,0.0,1.0,1.0,0.0,7093
1335,4700.0,1,4,4709,4,1.0,0.0,0.25,0.0625,-0.25,7190
1336,4700.0,2,4,4703,4,1.0,0.75,0.5,0.25,0.25,7190
1337,4700.0,2,4,4703,319,1.0,0.875,0.5,0.25,0.25,7193
1338,4873.0,1,4,4917,256,1.0,0.666666666667,0.25,0.0625,-0.25,7421
1339,4954.0,2,4,4967,2,1.0,0.0,0.5,0.25,0.0,7513
1340,5282.0,2,4,5286,1,1.0,0.0,0.5,0.25,0.0,7757
1341,5323.0,1,4,5335,1,1.0,0.0,0.25,0.0625,0.0,7800
1342,5395.0,1,4,5396,0,1.0,0.0,0.25,0.0625,0.0,7873
1343,5395.0,2,4,5397,0,1.0,0.0,0.5,0.25,0.0,7873
1344,5545.0,4,4,14797,518,1.0,0.0,1.0,1.0,0.0,8018
1345,5649.0,4,4,5654,0,1.0,0.0,1.0,1.0,0.0,8120
1346,5856.0,1,4,6859,2,1.0,0.0,0.25,0.0625,0.0,8230
1347,6939.0,1,4,6940,0,1.0,0.0,0.25,0.0625,0.0,8274
1348,6939.0,4,4,6943,0,1.0,0.0,1.0,1.0,0.0,8274
1349,8161.0,3,4,8165,5,1.0,0.0,0.75,0.5625,0.0,8448
1350,8193.0,1,4,8195,1,1.0,0.0,0.25,0.0625,0.0,8484
1351,8193.0,2,4,8196,1,1.0,0.0,0.5,0.25,0.0,8484
1352,8193.0,1,4,8202,2,1.0,0.0,0.25,0.0625,0.0,8485
1353,8318.0,4,4,8327,1,1.0,0.0,1.0,1.0,0.0,8591
1354,8405.0,2,4,8411,3,1.0,0.0,0.5,0.25,0.0,8648
1355,8477.0,3,4,8482,4,1.0,0.0,0.75,0.5625,0.0,8695
1356,8492.0,1,4,8494,36,1.0,0.923076923077,0.25,0.0625,0.0,8708
1357,8658.0,1,4,8659,1,1.0,0.0,0.25,0.0625,0.0,8815
1358,8658.0,3,4,8674,2,1.0,0.0,0.75,0.5625,0.0,8816
1359,8677.0,2,4,8680,1,1.0,0.0,0.5,0.25,0.0,8828
1360,9958.0,3,4,9966,1,1.0,0.0,0.75,0.5625,0.0,9015
1361,9958.0,4,4,9964,1,1.0,0.0,1.0,1.0,0.0,9015
1362,10076.0,1,4,10088,1,1.0,0.0,0.25,0.0625,0.0,9086
1363,10225.0,1,4,10238,2,1.0,0.0,0.25,0.0625,0.0,9147
1364,10336.0,2,4,10338,1,1.0,0.0,0.5,0.25,0.0,9197
1365,10473.0,3,4,10477,0,1.0,0.0,0.75,0.5625,0.0,9269
1366,10473.0,2,4,10475,1,1.0,0.0,0.5,0.25,0.0,9270
1367,10539.0,1,4,10540,0,1.0,0.0,0.25,0.0625,0.0,9317
1368,10539.0,2,4,10541,0,1.0,0.0,0.5,0.25,0.0,9317
1369,12251.0,2,4,12252,1,1.0,0.0,0.5,0.25,0.0,9805
1370,12288.0,2,4,12291,1,1.0,0.0,0.5,0.25,0.0,9826
1371,12541.0,2,4,12543,0,1.0,0.0,0.5,0.25,0.0,9988
1372,12541.0,1,4,12542,1,1.0,0.0,0.25,0.0625,0.0,9989
1373,12541.0,2,4,12542,14,1.0,0.923076923077,0.5,0.25,0.25,9992
1374,12742.0,1,4,12743,1,1.0,0.0,0.25,0.0625,0.0,10142
1375,12890.0,4,4,12891,7,1.0,0.0,1.0,1.0,0.0,10205
1376,12933.0,3,4,12945,1,1.0,0.0,0.75,0.5625,0.0,10233
1377,13198.0,4,4,13248,6,1.0,0.0,1.0,1.0,0.0,10418
1378,13290.0,1,4,13297,2,1.0,0.0,0.25,0.0625,0.0,10499
1379,13290.0,3,4,13307,2,1.0,0.0,0.75,0.5625,0.0,10499
1380,13433.0,3,4,13440,1,1.0,0.0,0.75,0.5625,0.0,10597
1381,13445.0,1,4,13446,1,1.0,0.0,0.25,0.0625,0.0,10608
1382,13445.0,3,4,13449,1,1.0,0.0,0.75,0.5625,0.0,10608
1383,13553.0,4,4,13557,0,1.0,0.0,1.0,1.0,0.0,10710
1384,13606.0,4,4,14854,35,1.0,0.0,1.0,1.0,0.0,10754
1385,14705.0,1,4,14706,0,1.0,0.0,0.25,0.0625,0.0,10857
1386,14794.0,1,4,14803,11,1.0,0.833333333333,0.25,0.0625,-0.25,10935
1387,14794.0,2,4,14873,11,1.0,0.0,0.5,0.25,-0.25,10935
1388,14794.0,4,4,14795,11,1.0,0.857142857143,1.0,1.0,0.75,10935
1389,14861.0,4,4,14871,1,1.0,0.0,1.0,1.0,0.0,10980
1390,15026.0,2,4,15074,4,1.0,0.0,0.5,0.25,0.0,11108
1391,15026.0,3,4,15075,4,1.0,0.0,0.75,0.5625,0.0,11108
1392,15382.0,2,4,15386,2,1.0,0.5,0.5,0.25,0.0,11366
1393,1.0,1,4,56,1,1.0,0.0,0.25,0.0625,0.0,1
1394,22.0,3,4,90,1341,1.0,0.857142857143,0.75,0.5625,0.5,142
1395,63.0,1,4,65,0,1.0,0.0,0.25,0.0625,0.0,335
1396,484.0,3,4,517,1,1.0,0.0,0.75,0.5625,0.0,1396
1397,686.0,3,4,689,0,1.0,0.0,0.75,0.5625,0.0,1768
1398,798.0,3,4,802,0,1.0,0.0,0.75,0.5625,0.0,1943
1399,900.0,4,4,3165,367,1.0,0.0,1.0,1.0,0.0,2129
1400,900.0,1,4,901,1115,1.0,0.909090909091,0.25,0.0625,0.0,2134
1401,1395.0,4,4,1402,0,1.0,0.0,1.0,1.0,0.0,2822
1402,2450.0,1,4,2452,0,1.0,0.0,0.25,0.0625,0.0,4460
1403,2450.0,4,4,2455,0,1.0,0.0,1.0,1.0,0.0,4460
1404,2767.0,3,4,2769,1,1.0,0.0,0.75,0.5625,0.0,4899
1405,2806.0,4,4,4194,372,1.0,0.0,1.0,1.0,0.0,4999
1406,2826.0,4,4,2833,0,1.0,0.0,1.0,1.0,0.0,5047
1407,3089.0,2,4,3092,0,1.0,0.0,0.5,0.25,0.0,5385
1408,3089.0,3,4,3093,0,1.0,0.0,0.75,0.5625,0.0,5385
1409,3089.0,4,4,3095,0,1.0,0.0,1.0,1.0,0.0,5385
1410,3185.0,4,4,3191,0,1.0,0.0,1.0,1.0,0.0,5502
1411,3447.0,1,4,3448,1,1.0,0.0,0.25,0.0625,0.0,5839
1412,3447.0,2,4,3449,1,1.0,0.0,0.5,0.25,0.0,5839
1413,3604.0,1,4,3619,2,1.0,0.0,0.25,0.0625,0.0,6048
1414,3751.0,1,4,3752,0,1.0,0.0,0.25,0.0625,0.0,6178
1415,3751.0,4,4,3755,0,1.0,0.0,1.0,1.0,0.0,6178
1416,3813.0,3,4,3821,4,1.0,0.0,0.75,0.5625,0.0,6254
1417,3934.0,4,4,3942,1,1.0,0.0,1.0,1.0,0.0,6406
1418,5012.0,2,4,5015,0,1.0,0.0,0.5,0.25,0.0,7553
1419,5369.0,4,4,13045,443,1.0,0.0,1.0,1.0,0.0,7850
1420,5395.0,3,4,5405,0,1.0,0.0,0.75,0.5625,0.0,7873
1421,5649.0,2,4,5651,0,1.0,0.0,0.5,0.25,0.0,8120
1422,5856.0,3,4,6859,1,1.0,0.0,0.75,0.5625,0.0,8229
1423,8193.0,4,4,8202,1,1.0,0.0,1.0,1.0,0.0,8484
1424,8278.0,1,4,8286,2,1.0,0.0,0.25,0.0625,0.0,8547
1425,8297.0,2,4,8304,1,1.0,0.0,0.5,0.25,0.0,8563
1426,8297.0,3,4,8307,1,1.0,0.0,0.75,0.5625,0.0,8563
1427,8318.0,3,4,8322,1,1.0,0.0,0.75,0.5625,0.0,8591
1428,10225.0,3,4,10231,2,1.0,0.0,0.75,0.5625,0.0,9147
1429,10336.0,3,4,10339,1,1.0,0.0,0.75,0.5625,0.0,9197
1430,10473.0,2,4,10476,0,1.0,0.0,0.5,0.25,0.0,9269
1431,12343.0,2,4,12345,0,1.0,0.0,0.5,0.25,0.0,9854
1432,12343.0,3,4,12346,0,1.0,0.0,0.75,0.5625,0.0,9854
1433,12343.0,1,4,12346,4,1.0,0.75,0.25,0.0625,0.0,9856
1434,13433.0,2,4,13434,1,1.0,0.0,0.5,0.25,0.0,10597
1435,13543.0,1,4,13550,1,1.0,0.0,0.25,0.0625,0.0,10701
1436,13543.0,3,4,13545,1,1.0,0.0,0.75,0.5625,0.0,10701
1437,13645.0,2,4,13664,3,1.0,0.0,0.5,0.25,0.0,10786
1438,14705.0,2,4,14708,0,1.0,0.0,0.5,0.25,0.0,10857
1439,14861.0,2,4,14864,1,1.0,0.0,0.5,0.25,0.0,10980
1440,14861.0,3,4,14865,1,1.0,0.0,0.75,0.5625,0.0,10980
1441,15086.0,2,4,15090,0,1.0,0.0,0.5,0.25,0.0,11134
1442,15089.0,2,4,15094,1,1.0,0.0,0.5,0.25,0.0,11137
1443,15560.0,3,4,15564,1,1.0,0.0,0.75,0.5625,0.0,11488
1444,15560.0,4,4,15567,1,1.0,0.0,1.0,1.0,0.0,11488
1445,15670.0,2,4,15672,0,1.0,0.0,0.5,0.25,0.0,11554
1446,1.0,1,4,56,1,1.0,0.0,0.25,0.0625,0.0,1
1447,22.0,3,4,90,1341,1.0,0.857142857143,0.75,0.5625,0.5,142
1448,63.0,1,4,65,0,1.0,0.0,0.25,0.0625,0.0,335
1449,484.0,3,4,517,1,1.0,0.0,0.75,0.5625,0.0,1396
1450,686.0,3,4,689,0,1.0,0.0,0.75,0.5625,0.0,1768
1451,798.0,3,4,802,0,1.0,0.0,0.75,0.5625,0.0,1943
1452,900.0,4,4,3165,367,1.0,0.0,1.0,1.0,0.0,2129
1453,900.0,1,4,901,1115,1.0,0.909090909091,0.25,0.0625,0.0,2134
1454,1395.0,4,4,1402,0,1.0,0.0,1.0,1.0,0.0,2822
1455,2450.0,1,4,2452,0,1.0,0.0,0.25,0.0625,0.0,4460
1456,2450.0,4,4,2455,0,1.0,0.0,1.0,1.0,0.0,4460
1457,2767.0,3,4,2769,1,1.0,0.0,0.75,0.5625,0.0,4899
1458,2806.0,4,4,4194,372,1.0,0.0,1.0,1.0,0.0,4999
1459,2826.0,4,4,2833,0,1.0,0.0,1.0,1.0,0.0,5047
1460,3089.0,2,4,3092,0,1.0,0.0,0.5,0.25,0.0,5385
1461,3089.0,3,4,3093,0,1.0,0.0,0.75,0.5625,0.0,5385
1462,3089.0,4,4,3095,0,1.0,0.0,1.0,1.0,0.0,5385
1463,3185.0,4,4,3191,0,1.0,0.0,1.0,1.0,0.0,5502
1464,3447.0,1,4,3448,1,1.0,0.0,0.25,0.0625,0.0,5839
1465,3447.0,2,4,3449,1,1.0,0.0,0.5,0.25,0.0,5839
1466,3604.0,1,4,3619,2,1.0,0.0,0.25,0.0625,0.0,6048
1467,3751.0,1,4,3752,0,1.0,0.0,0.25,0.0625,0.0,6178
1468,3751.0,4,4,3755,0,1.0,0.0,1.0,1.0,0.0,6178
1469,3813.0,3,4,3821,4,1.0,0.0,0.75,0.5625,0.0,6254
1470,3934.0,4,4,3942,1,1.0,0.0,1.0,1.0,0.0,6406
1471,5012.0,2,4,5015,0,1.0,0.0,0.5,0.25,0.0,7553
1472,5369.0,4,4,13045,443,1.0,0.0,1.0,1.0,0.0,7850
1473,5395.0,3,4,5405,0,1.0,0.0,0.75,0.5625,0.0,7873
1474,5649.0,2,4,5651,0,1.0,0.0,0.5,0.25,0.0,8120
1475,5856.0,3,4,6859,1,1.0,0.0,0.75,0.5625,0.0,8229
1476,8193.0,4,4,8202,1,1.0,0.0,1.0,1.0,0.0,8484
1477,8278.0,1,4,8286,2,1.0,0.0,0.25,0.0625,0.0,8547
1478,8297.0,2,4,8304,1,1.0,0.0,0.5,0.25,0.0,8563
1479,8297.0,3,4,8307,1,1.0,0.0,0.75,0.5625,0.0,8563
1480,8318.0,3,4,8322,1,1.0,0.0,0.75,0.5625,0.0,8591
1481,10225.0,3,4,10231,2,1.0,0.0,0.75,0.5625,0.0,9147
1482,10336.0,3,4,10339,1,1.0,0.0,0.75,0.5625,0.0,9197
1483,10473.0,2,4,10476,0,1.0,0.0,0.5,0.25,0.0,9269
1484,12343.0,2,4,12345,0,1.0,0.0,0.5,0.25,0.0,9854
1485,12343.0,3,4,12346,0,1.0,0.0,0.75,0.5625,0.0,9854
1486,12343.0,1,4,12346,4,1.0,0.75,0.25,0.0625,0.0,9856
1487,13433.0,2,4,13434,1,1.0,0.0,0.5,0.25,0.0,10597
1488,13543.0,1,4,13550,1,1.0,0.0,0.25,0.0625,0.0,10701
1489,13543.0,3,4,13545,1,1.0,0.0,0.75,0.5625,0.0,10701
1490,13645.0,2,4,13664,3,1.0,0.0,0.5,0.25,0.0,10786
1491,14705.0,2,4,14708,0,1.0,0.0,0.5,0.25,0.0,10857
1492,14861.0,2,4,14864,1,1.0,0.0,0.5,0.25,0.0,10980
1493,14861.0,3,4,14865,1,1.0,0.0,0.75,0.5625,0.0,10980
1494,15086.0,2,4,15090,0,1.0,0.0,0.5,0.25,0.0,11134
1495,15089.0,2,4,15094,1,1.0,0.0,0.5,0.25,0.0,11137
1496,15560.0,3,4,15564,1,1.0,0.0,0.75,0.5625,0.0,11488
1497,15560.0,4,4,15567,1,1.0,0.0,1.0,1.0,0.0,11488
1498,15670.0,2,4,15672,0,1.0,0.0,0.5,0.25,0.0,11554
1499,64.0,2,4,72,0,1.0,0.0,0.5,0.25,0.0,362
1500,484.0,1,4,486,1,1.0,0.0,0.25,0.0625,0.0,1396
1501,536.0,1,4,13482,1356,1.0,0.0,0.25,0.0625,0.0,1505
1502,652.0,1,4,657,1068,1.0,0.966666666667,0.25,0.0625,0.0,1706
1503,686.0,2,4,688,0,1.0,0.0,0.5,0.25,0.0,1768
1504,818.0,4,4,866,3,1.0,0.0,1.0,1.0,0.0,1987
1505,2065.0,1,4,2066,0,1.0,0.0,0.25,0.0625,0.0,3823
1506,2065.0,2,4,2069,0,1.0,0.0,0.5,0.25,0.0,3823
1507,2065.0,4,4,2073,0,1.0,0.0,1.0,1.0,0.0,3823
1508,2121.0,1,4,2122,0,1.0,0.0,0.25,0.0625,0.0,3928
1509,2536.0,3,4,8553,797,1.0,0.0,0.75,0.5625,0.0,4575
1510,2685.0,1,4,2687,463,1.0,0.9375,0.25,0.0625,0.0,4772
1511,2826.0,1,4,2827,0,1.0,0.0,0.25,0.0625,0.0,5047
1512,5012.0,1,4,5013,0,1.0,0.0,0.25,0.0625,0.0,7553
1513,10539.0,3,4,10542,0,1.0,0.0,0.75,0.5625,0.0,9317
1514,13553.0,3,4,13556,0,1.0,0.0,0.75,0.5625,0.0,10710
1515,14861.0,1,4,14863,1,1.0,0.0,0.25,0.0625,0.0,10980
1516,15089.0,2,4,15094,0,1.0,0.0,0.5,0.25,0.0,11136
1517,15560.0,1,4,15566,1,1.0,0.0,0.25,0.0625,0.0,11488
1518,15670.0,3,4,15675,0,1.0,0.0,0.75,0.5625,0.0,11554
1519,64.0,2,4,72,0,1.0,0.0,0.5,0.25,0.0,362
1520,484.0,1,4,486,1,1.0,0.0,0.25,0.0625,0.0,1396
1521,536.0,1,4,13482,1356,1.0,0.0,0.25,0.0625,0.0,1505
1522,652.0,1,4,657,1068,1.0,0.966666666667,0.25,0.0625,0.0,1706
1523,686.0,2,4,688,0,1.0,0.0,0.5,0.25,0.0,1768
1524,818.0,4,4,866,3,1.0,0.0,1.0,1.0,0.0,1987
1525,2065.0,1,4,2066,0,1.0,0.0,0.25,0.0625,0.0,3823
1526,2065.0,2,4,2069,0,1.0,0.0,0.5,0.25,0.0,3823
1527,2065.0,4,4,2073,0,1.0,0.0,1.0,1.0,0.0,3823
1528,2121.0,1,4,2122,0,1.0,0.0,0.25,0.0625,0.0,3928
1529,2536.0,3,4,8553,797,1.0,0.0,0.75,0.5625,0.0,4575
1530,2685.0,1,4,2687,463,1.0,0.9375,0.25,0.0625,0.0,4772
1531,2826.0,1,4,2827,0,1.0,0.0,0.25,0.0625,0.0,5047
1532,5012.0,1,4,5013,0,1.0,0.0,0.25,0.0625,0.0,7553
1533,10539.0,3,4,10542,0,1.0,0.0,0.75,0.5625,0.0,9317
1534,13553.0,3,4,13556,0,1.0,0.0,0.75,0.5625,0.0,10710
1535,14861.0,1,4,14863,1,1.0,0.0,0.25,0.0625,0.0,10980
1536,15089.0,2,4,15094,0,1.0,0.0,0.5,0.25,0.0,11136
1537,15560.0,1,4,15566,1,1.0,0.0,0.25,0.0625,0.0,11488
1538,15670.0,3,4,15675,0,1.0,0.0,0.75,0.5625,0.0,11554
1539,64.0,2,4,72,0,1.0,0.0,0.5,0.25,0.0,362
1540,484.0,1,4,486,1,1.0,0.0,0.25,0.0625,0.0,1396
1541,536.0,1,4,13482,1356,1.0,0.0,0.25,0.0625,0.0,1505
1542,652.0,1,4,657,1068,1.0,0.966666666667,0.25,0.0625,0.0,1706
1543,686.0,2,4,688,0,1.0,0.0,0.5,0.25,0.0,1768
1544,818.0,4,4,866,3,1.0,0.0,1.0,1.0,0.0,1987
1545,2065.0,1,4,2066,0,1.0,0.0,0.25,0.0625,0.0,3823
1546,2065.0,2,4,2069,0,1.0,0.0,0.5,0.25,0.0,3823
1547,2065.0,4,4,2073,0,1.0,0.0,1.0,1.0,0.0,3823
1548,2121.0,1,4,2122,0,1.0,0.0,0.25,0.0625,0.0,3928
1549,2536.0,3,4,8553,797,1.0,0.0,0.75,0.5625,0.0,4575
1550,2685.0,1,4,2687,463,1.0,0.9375,0.25,0.0625,0.0,4772
1551,2826.0,1,4,2827,0,1.0,0.0,0.25,0.0625,0.0,5047
1552,5012.0,1,4,5013,0,1.0,0.0,0.25,0.0625,0.0,7553
1553,10539.0,3,4,10542,0,1.0,0.0,0.75,0.5625,0.0,9317
1554,13553.0,3,4,13556,0,1.0,0.0,0.75,0.5625,0.0,10710
1555,14861.0,1,4,14863,1,1.0,0.0,0.25,0.0625,0.0,10980
1556,15089.0,2,4,15094,0,1.0,0.0,0.5,0.25,0.0,11136
1557,15560.0,1,4,15566,1,1.0,0.0,0.25,0.0625,0.0,11488
1558,15670.0,3,4,15675,0,1.0,0.0,0.75,0.5625,0.0,11554
1559,94.0,3,4,822,23,1.0,0.0,0.75,0.5625,0.0,483
1560,108.0,1,4,166,1,1.0,0.0,0.25,0.0625,0.0,495
1561,174.0,3,4,179,0,1.0,0.0,0.75,0.5625,0.0,698
1562,686.0,1,4,687,0,1.0,0.0,0.25,0.0625,0.0,1768
1563,793.0,1,4,794,1,1.0,0.0,0.25,0.0625,0.0,1935
1564,1357.0,1,4,1367,0,1.0,0.0,0.25,0.0625,0.0,2761
1565,1395.0,3,4,1400,0,1.0,0.0,0.75,0.5625,0.0,2822
1566,3934.0,2,4,3936,1,1.0,0.0,0.5,0.25,0.0,6406
1567,10473.0,1,4,10475,0,1.0,0.0,0.25,0.0625,0.0,9269
1568,15089.0,1,4,15091,0,1.0,0.0,0.25,0.0625,0.0,11136
1569,15560.0,2,4,15563,1,1.0,0.0,0.5,0.25,0.0,11488
1570,94.0,3,4,822,23,1.0,0.0,0.75,0.5625,0.0,483
1571,108.0,1,4,166,1,1.0,0.0,0.25,0.0625,0.0,495
1572,174.0,3,4,179,0,1.0,0.0,0.75,0.5625,0.0,698
1573,686.0,1,4,687,0,1.0,0.0,0.25,0.0625,0.0,1768
1574,793.0,1,4,794,1,1.0,0.0,0.25,0.0625,0.0,1935
1575,1357.0,1,4,1367,0,1.0,0.0,0.25,0.0625,0.0,2761
1576,1395.0,3,4,1400,0,1.0,0.0,0.75,0.5625,0.0,2822
1577,3934.0,2,4,3936,1,1.0,0.0,0.5,0.25,0.0,6406
1578,10473.0,1,4,10475,0,1.0,0.0,0.25,0.0625,0.0,9269
1579,15089.0,1,4,15091,0,1.0,0.0,0.25,0.0625,0.0,11136
1580,15560.0,2,4,15563,1,1.0,0.0,0.5,0.25,0.0,11488
1581,94.0,3,4,822,23,1.0,0.0,0.75,0.5625,0.0,483
1582,108.0,1,4,166,1,1.0,0.0,0.25,0.0625,0.0,495
1583,174.0,3,4,179,0,1.0,0.0,0.75,0.5625,0.0,698
1584,686.0,1,4,687,0,1.0,0.0,0.25,0.0625,0.0,1768
1585,793.0,1,4,794,1,1.0,0.0,0.25,0.0625,0.0,1935
1586,1357.0,1,4,1367,0,1.0,0.0,0.25,0.0625,0.0,2761
1587,1395.0,3,4,1400,0,1.0,0.0,0.75,0.5625,0.0,2822
1588,3934.0,2,4,3936,1,1.0,0.0,0.5,0.25,0.0,6406
1589,10473.0,1,4,10475,0,1.0,0.0,0.25,0.0625,0.0,9269
1590,15089.0,1,4,15091,0,1.0,0.0,0.25,0.0625,0.0,11136
1591,15560.0,2,4,15563,1,1.0,0.0,0.5,0.25,0.0,11488
1592,94.0,3,4,822,23,1.0,0.0,0.75,0.5625,0.0,483
1593,108.0,1,4,166,1,1.0,0.0,0.25,0.0625,0.0,495
1594,174.0,3,4,179,0,1.0,0.0,0.75,0.5625,0.0,698
1595,686.0,1,4,687,0,1.0,0.0,0.25,0.0625,0.0,1768
1596,793.0,1,4,794,1,1.0,0.0,0.25,0.0625,0.0,1935
1597,1357.0,1,4,1367,0,1.0,0.0,0.25,0.0625,0.0,2761
1598,1395.0,3,4,1400,0,1.0,0.0,0.75,0.5625,0.0,2822
1599,3934.0,2,4,3936,1,1.0,0.0,0.5,0.25,0.0,6406
1600,10473.0,1,4,10475,0,1.0,0.0,0.25,0.0625,0.0,9269
1601,15089.0,1,4,15091,0,1.0,0.0,0.25,0.0625,0.0,11136
1602,15560.0,2,4,15563,1,1.0,0.0,0.5,0.25,0.0,11488
1603,798.0,1,4,800,0,1.0,0.0,0.25,0.0625,0.0,1943
1604,798.0,2,4,801,0,1.0,0.0,0.5,0.25,0.0,1943
1605,2121.0,4,4,2124,0,1.0,0.0,1.0,1.0,0.0,3928
1606,798.0,1,4,800,0,1.0,0.0,0.25,0.0625,0.0,1943
1607,798.0,2,4,801,0,1.0,0.0,0.5,0.25,0.0,1943
1608,2121.0,4,4,2124,0,1.0,0.0,1.0,1.0,0.0,3928
1609,798.0,1,4,800,0,1.0,0.0,0.25,0.0625,0.0,1943
1610,798.0,2,4,801,0,1.0,0.0,0.5,0.25,0.0,1943
1611,2121.0,4,4,2124,0,1.0,0.0,1.0,1.0,0.0,3928
1612,798.0,1,4,800,0,1.0,0.0,0.25,0.0625,0.0,1943
1613,798.0,2,4,801,0,1.0,0.0,0.5,0.25,0.0,1943
1614,2121.0,4,4,2124,0,1.0,0.0,1.0,1.0,0.0,3928
1615,798.0,1,4,800,0,1.0,0.0,0.25,0.0625,0.0,1943
1616,798.0,2,4,801,0,1.0,0.0,0.5,0.25,0.0,1943
1617,2121.0,4,4,2124,0,1.0,0.0,1.0,1.0,0.0,3928
1618,8297.0,1,4,8298,1,1.0,0.0,0.25,0.0625,0.0,8563
1619,8297.0,1,4,8298,1,1.0,0.0,0.25,0.0625,0.0,8563
1620,8297.0,1,4,8298,1,1.0,0.0,0.25,0.0625,0.0,8563
1621,8297.0,1,4,8298,1,1.0,0.0,0.25,0.0625,0.0,8563
1622,8297.0,1,4,8298,1,1.0,0.0,0.25,0.0625,0.0,8563
1623,8297.0,1,4,8298,1,1.0,0.0,0.25,0.0625,0.0,8563
1624,888.0,2,4,890,0,1.0,0.0,0.5,0.25,0.0,2113
1625,2065.0,3,4,2070,0,1.0,0.0,0.75,0.5625,0.0,3823
1626,888.0,2,4,890,0,1.0,0.0,0.5,0.25,0.0,2113
1627,2065.0,3,4,2070,0,1.0,0.0,0.75,0.5625,0.0,3823
1628,888.0,2,4,890,0,1.0,0.0,0.5,0.25,0.0,2113
1629,2065.0,3,4,2070,0,1.0,0.0,0.75,0.5625,0.0,3823
1630,888.0,2,4,890,0,1.0,0.0,0.5,0.25,0.0,2113
1631,2065.0,3,4,2070,0,1.0,0.0,0.75,0.5625,0.0,3823
1632,888.0,2,4,890,0,1.0,0.0,0.5,0.25,0.0,2113
1633,2065.0,3,4,2070,0,1.0,0.0,0.75,0.5625,0.0,3823
1634,888.0,2,4,890,0,1.0,0.0,0.5,0.25,0.0,2113
1635,2065.0,3,4,2070,0,1.0,0.0,0.75,0.5625,0.0,3823
1636,888.0,2,4,890,0,1.0,0.0,0.5,0.25,0.0,2113
1637,2065.0,3,4,2070,0,1.0,0.0,0.75,0.5625,0.0,3823
1638,12541.0,1,4,12542,0,1.0,0.0,0.25,0.0625,0.0,9988
1639,12541.0,1,4,12542,0,1.0,0.0,0.25,0.0625,0.0,9988
1640,12541.0,1,4,12542,0,1.0,0.0,0.25,0.0625,0.0,9988
1641,12541.0,1,4,12542,0,1.0,0.0,0.25,0.0625,0.0,9988
1642,12541.0,1,4,12542,0,1.0,0.0,0.25,0.0625,0.0,9988
1643,12541.0,1,4,12542,0,1.0,0.0,0.25,0.0625,0.0,9988
1644,12541.0,1,4,12542,0,1.0,0.0,0.25,0.0625,0.0,9988
1645,12541.0,1,4,12542,0,1.0,0.0,0.25,0.0625,0.0,9988
1646,559.0,3,4,562,0,1.0,0.0,0.75,0.5625,0.0,1550
1647,559.0,3,4,562,0,1.0,0.0,0.75,0.5625,0.0,1550
1648,559.0,3,4,562,0,1.0,0.0,0.75,0.5625,0.0,1550
1649,559.0,3,4,562,0,1.0,0.0,0.75,0.5625,0.0,1550
1650,559.0,3,4,562,0,1.0,0.0,0.75,0.5625,0.0,1550
1651,559.0,3,4,562,0,1.0,0.0,0.75,0.5625,0.0,1550
1652,559.0,3,4,562,0,1.0,0.0,0.75,0.5625,0.0,1550
1653,559.0,3,4,562,0,1.0,0.0,0.75,0.5625,0.0,1550
1654,559.0,3,4,562,0,1.0,0.0,0.75,0.5625,0.0,1550
1655,559.0,3,4,562,0,1.0,0.0,0.75,0.5625,0.0,1550
