,QuestionId,Age_curr,Ans_count,AnsId,Votes,AnsRank,ReScore,Norm_Pos,Norm_Pos_2,Norm_DRank,EPbias
1808,1.0,2,4,56,1.0,1,0.993820148135,0.25,0.0625,0.0,0.328706624606
1809,1.0,2,4,210,1.0,2,0.981460444404,0.5,0.25,0.0,0.18927444795
1810,1.0,5,4,56,1.0,1,0.994702984115,0.25,0.0625,0.0,0.328706624606
1811,1.0,8,4,56,1.0,1,0.995365111101,0.25,0.0625,0.0,0.328706624606
1812,7.0,4,4,16,1.0,1,0.994702984115,0.25,0.0625,0.0,0.328706624606
1813,7.0,4,4,42,1.0,2,0.992584177762,0.5,0.25,0.0,0.18927444795
1814,7.0,4,4,17,1.0,4,0.0,1.0,1.0,0.0,0.263722397476
1815,7.0,5,4,42,1.0,1,0.993820148135,0.25,0.0625,-0.25,0.328706624606
1816,7.0,5,4,17,1.0,2,0.981460444404,0.5,0.25,-0.25,0.18927444795
1817,7.0,11,4,42,1.0,1,0.994702984115,0.25,0.0625,-0.25,0.328706624606
1818,7.0,11,4,127,1.0,2,0.987640296269,0.5,0.25,-0.25,0.18927444795
1819,7.0,11,4,16,1.0,3,0.995365111101,0.75,0.5625,0.5,0.218296529968
1820,7.0,12,4,42,1.0,1,0.995365111101,0.25,0.0625,0.0,0.328706624606
1821,7.0,45,4,42,1.0,1,0.995880098756,0.25,0.0625,0.0,0.328706624606
1822,7.0,75,4,42,1.0,1,0.996292088881,0.25,0.0625,0.0,0.328706624606
1823,7.0,135,4,42,1.0,1,0.99662917171,0.25,0.0625,0.0,0.328706624606
1824,7.0,140,4,17,1.0,1,0.987640296269,0.25,0.0625,-0.5,0.328706624606
1825,7.0,158,4,42,1.0,1,0.996910074067,0.25,0.0625,0.0,0.328706624606
1826,7.0,336,4,42,1.0,1,0.997147760678,0.25,0.0625,0.0,0.328706624606
1827,18.0,62,4,1382,1.0,3,0.0,0.75,0.5625,0.0,0.218296529968
1828,18.0,63,4,33,1.0,1,0.997147760678,0.25,0.0625,0.0,0.328706624606
1829,18.0,63,4,1382,1.0,2,0.981460444404,0.5,0.25,-0.25,0.18927444795
1830,18.0,140,4,24,1.0,2,0.992584177762,0.5,0.25,0.0,0.18927444795
1831,18.0,158,4,24,1.0,2,0.993820148135,0.5,0.25,0.0,0.18927444795
1832,18.0,159,4,33,1.0,1,0.997351492058,0.25,0.0625,0.0,0.328706624606
1833,18.0,167,4,33,1.0,1,0.997528059254,0.25,0.0625,0.0,0.328706624606
1834,18.0,254,4,24,1.0,2,0.994702984115,0.5,0.25,0.0,0.18927444795
1835,18.0,259,4,24,1.0,2,0.995365111101,0.5,0.25,0.0,0.18927444795
1836,21.0,323,4,2912,1.0,3,0.0,0.75,0.5625,0.0,0.218296529968
1837,21.0,324,4,2912,1.0,2,0.981460444404,0.5,0.25,-0.25,0.18927444795
1838,22.0,1341,4,46,1.0,1,0.880171816989,0.25,0.0625,-0.5,0.328706624606
1839,22.0,1341,4,76,1.0,2,0.796292088881,0.5,0.25,-0.5,0.18927444795
1840,22.0,1341,4,792,1.0,4,0.981460444404,1.0,1.0,0.5,0.263722397476
1841,22.0,1372,4,90,1.0,2,0.99662917171,0.5,0.25,0.25,0.18927444795
1842,22.0,1372,4,76,1.0,3,0.814810989892,0.75,0.5625,-0.25,0.218296529968
1843,22.0,1373,4,46,1.0,1,0.89814604444,0.25,0.0625,-0.5,0.328706624606
1844,22.0,1413,4,90,1.0,2,0.996910074067,0.5,0.25,0.25,0.18927444795
1845,25.0,5,4,67,1.0,1,0.987640296269,0.25,0.0625,0.0,0.328706624606
1846,25.0,5,4,49,1.0,2,0.0,0.5,0.25,0.0,0.18927444795
1847,25.0,6,4,67,1.0,1,0.990730222202,0.25,0.0625,0.0,0.328706624606
1848,25.0,6,4,49,1.0,2,0.981460444404,0.5,0.25,0.0,0.18927444795
1849,25.0,30,4,67,1.0,1,0.992584177762,0.25,0.0625,0.0,0.328706624606
1850,25.0,30,4,49,1.0,2,0.987640296269,0.5,0.25,0.0,0.18927444795
1851,25.0,85,4,49,1.0,2,0.990730222202,0.5,0.25,0.0,0.18927444795
1852,28.0,12,4,168,1.0,4,0.0,1.0,1.0,0.0,0.263722397476
1853,28.0,13,4,168,1.0,4,-0.0185395555959,1.0,1.0,0.0,0.263722397476
1854,28.0,16,4,41,1.0,1,0.99662917171,0.25,0.0625,0.0,0.328706624606
1855,28.0,28,4,41,1.0,1,0.996910074067,0.25,0.0625,0.0,0.328706624606
1856,28.0,29,4,41,1.0,1,0.997147760678,0.25,0.0625,0.0,0.328706624606
1857,28.0,36,4,58,1.0,2,0.990730222202,0.5,0.25,0.0,0.18927444795
1858,28.0,49,4,58,1.0,2,0.992584177762,0.5,0.25,0.0,0.18927444795
1859,28.0,120,4,41,1.0,1,0.997351492058,0.25,0.0625,0.0,0.328706624606
1860,28.0,121,4,41,1.0,1,0.997528059254,0.25,0.0625,0.0,0.328706624606
1861,28.0,158,4,41,1.0,1,0.997682555551,0.25,0.0625,0.0,0.328706624606
1862,34.0,555,4,1458,1.0,3,0.0,0.75,0.5625,0.0,0.218296529968
1863,34.0,556,4,1458,1.0,2,0.981460444404,0.5,0.25,-0.25,0.18927444795
1864,34.0,1315,4,37,1.0,1,0.995880098756,0.25,0.0625,0.0,0.328706624606
1865,34.0,1413,4,37,1.0,1,0.996292088881,0.25,0.0625,0.0,0.328706624606
1866,38.0,7,4,133,1.0,4,0.0,1.0,1.0,0.0,0.263722397476
1867,38.0,8,4,133,1.0,1,0.981460444404,0.25,0.0625,-0.75,0.328706624606
1868,38.0,8,4,57,1.0,2,0.996292088881,0.5,0.25,0.25,0.18927444795
1869,38.0,30,4,57,1.0,1,0.997147760678,0.25,0.0625,0.0,0.328706624606
1870,38.0,163,4,57,1.0,1,0.997351492058,0.25,0.0625,0.0,0.328706624606
1871,44.0,615,4,3953,1.0,4,0.0,1.0,1.0,0.0,0.263722397476
1872,44.0,616,4,3953,1.0,4,-0.0185395555959,1.0,1.0,0.0,0.263722397476
1873,44.0,739,4,55,1.0,1,0.998970024689,0.25,0.0625,0.0,0.328706624606
1874,44.0,739,4,53,1.0,2,0.9029962328,0.5,0.25,-0.25,0.18927444795
1875,44.0,768,4,55,1.0,1,0.99899786186,0.25,0.0625,0.0,0.328706624606
1876,44.0,771,4,55,1.0,1,0.999024233916,0.25,0.0625,0.0,0.328706624606
1877,44.0,835,4,53,1.0,2,0.907405494946,0.5,0.25,-0.25,0.18927444795
1878,44.0,858,4,55,1.0,1,0.999049253559,0.25,0.0625,0.0,0.328706624606
1879,44.0,987,4,55,1.0,1,0.99907302222,0.25,0.0625,0.0,0.328706624606
1880,44.0,1030,4,55,1.0,1,0.999095631434,0.25,0.0625,0.0,0.328706624606
1881,44.0,1045,4,55,1.0,1,0.999117164019,0.25,0.0625,0.0,0.328706624606
1882,44.0,1069,4,55,1.0,1,0.999137695089,0.25,0.0625,0.0,0.328706624606
1883,44.0,1084,4,55,1.0,1,0.999157292927,0.25,0.0625,0.0,0.328706624606
1884,44.0,1085,4,55,1.0,1,0.999176019751,0.25,0.0625,0.0,0.328706624606
1885,44.0,1184,4,55,1.0,1,0.999193932365,0.25,0.0625,0.0,0.328706624606
1886,44.0,1330,4,55,1.0,1,0.999211082741,0.25,0.0625,0.0,0.328706624606
1887,44.0,1330,4,53,1.0,2,0.911431342992,0.5,0.25,-0.25,0.18927444795
1888,44.0,1334,4,55,1.0,1,0.999227518517,0.25,0.0625,0.0,0.328706624606
1889,44.0,1337,4,3953,1.0,4,-0.345693037064,1.0,1.0,0.0,0.263722397476
1890,44.0,1339,4,55,1.0,1,0.999243283445,0.25,0.0625,0.0,0.328706624606
1891,44.0,1340,4,55,1.0,1,0.999258417776,0.25,0.0625,0.0,0.328706624606
1892,94.0,24,4,822,1.0,1,0.993820148135,0.25,0.0625,0.0,0.328706624606
1893,113.0,3,4,373,1.0,4,0.0,1.0,1.0,0.0,0.263722397476
1894,113.0,16,4,194,1.0,1,0.992584177762,0.25,0.0625,0.0,0.328706624606
1895,123.0,153,4,2162,1.0,3,0.0,0.75,0.5625,-0.25,0.218296529968
1896,123.0,156,4,2162,1.0,1,0.990730222202,0.25,0.0625,-0.25,0.328706624606
1897,134.0,4,4,140,1.0,1,0.995365111101,0.25,0.0625,0.0,0.328706624606
1898,134.0,9,4,140,1.0,1,0.995880098756,0.25,0.0625,0.0,0.328706624606
1899,134.0,129,4,140,1.0,1,0.996292088881,0.25,0.0625,0.0,0.328706624606
1900,134.0,167,4,140,1.0,1,0.99662917171,0.25,0.0625,0.0,0.328706624606
1901,134.0,710,4,140,1.0,1,0.996910074067,0.25,0.0625,0.0,0.328706624606
1902,134.0,1395,4,140,1.0,1,0.997147760678,0.25,0.0625,0.0,0.328706624606
1903,134.0,1412,4,140,1.0,1,0.997351492058,0.25,0.0625,0.0,0.328706624606
1904,137.0,1125,4,184,1.0,2,0.708988698401,0.5,0.25,-0.25,0.18927444795
1905,137.0,1125,4,10594,1.0,3,0.981460444404,0.75,0.5625,0.25,0.218296529968
1906,137.0,1127,4,191,1.0,1,0.999193932365,0.25,0.0625,0.0,0.328706624606
1907,137.0,1155,4,191,1.0,1,0.999211082741,0.25,0.0625,0.0,0.328706624606
1908,137.0,1190,4,191,1.0,1,0.999227518517,0.25,0.0625,0.0,0.328706624606
1909,137.0,1269,4,191,1.0,1,0.999243283445,0.25,0.0625,0.0,0.328706624606
1910,137.0,1374,4,191,1.0,1,0.999258417776,0.25,0.0625,0.0,0.328706624606
1911,137.0,1380,4,191,1.0,1,0.999272958604,0.25,0.0625,0.0,0.328706624606
1912,137.0,1421,4,191,1.0,1,0.999286940169,0.25,0.0625,0.0,0.328706624606
1913,137.0,1492,4,191,1.0,1,0.999300394128,0.25,0.0625,0.0,0.328706624606
1914,169.0,56,4,1277,1.0,3,0.981460444404,0.75,0.5625,0.0,0.218296529968
1915,169.0,927,4,186,1.0,1,0.997147760678,0.25,0.0625,0.0,0.328706624606
1916,172.0,4,4,175,1.0,1,0.995880098756,0.25,0.0625,0.0,0.328706624606
1917,172.0,4,4,182,1.0,4,0.689455452985,1.0,1.0,0.0,0.263722397476
1918,172.0,15,4,175,1.0,1,0.996292088881,0.25,0.0625,0.0,0.328706624606
1919,172.0,31,4,176,1.0,4,0.592584177762,1.0,1.0,0.0,0.263722397476
1920,172.0,43,4,182,1.0,2,0.711637206343,0.5,0.25,-0.25,0.18927444795
1921,172.0,58,4,175,1.0,1,0.99662917171,0.25,0.0625,0.0,0.328706624606
1922,172.0,58,4,182,1.0,2,0.730861392587,0.5,0.25,-0.25,0.18927444795
1923,172.0,59,4,175,1.0,1,0.996910074067,0.25,0.0625,0.0,0.328706624606
1924,172.0,120,4,182,1.0,2,0.747682555551,0.5,0.25,-0.25,0.18927444795
1925,172.0,121,4,175,1.0,1,0.997147760678,0.25,0.0625,0.0,0.328706624606
1926,172.0,168,4,175,1.0,1,0.997351492058,0.25,0.0625,0.0,0.328706624606
1927,172.0,230,4,182,1.0,2,0.762524758165,0.5,0.25,-0.25,0.18927444795
1928,172.0,427,4,182,1.0,2,0.775717827156,0.5,0.25,-0.25,0.18927444795
1929,172.0,474,4,182,1.0,2,0.787522152043,0.5,0.25,-0.25,0.18927444795
1930,236.0,3,4,238,1.0,2,0.981460444404,0.5,0.25,-0.25,0.18927444795
1931,236.0,3,4,240,1.0,3,0.987640296269,0.75,0.5625,0.25,0.218296529968
1932,236.0,7,4,241,1.0,1,0.993820148135,0.25,0.0625,0.0,0.328706624606
1933,236.0,18,4,241,1.0,1,0.994702984115,0.25,0.0625,0.0,0.328706624606
1934,252.0,4,4,393,1.0,1,0.990730222202,0.25,0.0625,-0.25,0.328706624606
1935,252.0,4,4,397,1.0,3,0.0,0.75,0.5625,0.0,0.218296529968
1936,252.0,5,4,393,1.0,1,0.992584177762,0.25,0.0625,-0.25,0.328706624606
1937,252.0,5,4,397,1.0,3,0.981460444404,0.75,0.5625,0.0,0.218296529968
1938,252.0,6,4,393,1.0,1,0.993820148135,0.25,0.0625,0.0,0.328706624606
1939,252.0,6,4,397,1.0,3,0.987640296269,0.75,0.5625,0.0,0.218296529968
1940,252.0,23,4,393,1.0,1,0.994702984115,0.25,0.0625,0.0,0.328706624606
1941,252.0,28,4,393,1.0,1,0.995365111101,0.25,0.0625,0.0,0.328706624606
1942,292.0,194,4,294,1.0,1,0.995880098756,0.25,0.0625,0.0,0.328706624606
1943,292.0,194,4,2368,1.0,3,0.0,0.75,0.5625,0.0,0.218296529968
1944,292.0,924,4,294,1.0,1,0.996292088881,0.25,0.0625,0.0,0.328706624606
1945,292.0,924,4,297,1.0,2,0.993820148135,0.5,0.25,0.0,0.18927444795
1946,292.0,1188,4,294,1.0,1,0.99662917171,0.25,0.0625,0.0,0.328706624606
1947,319.0,384,4,3132,1.0,4,0.0,1.0,1.0,0.0,0.263722397476
1948,319.0,545,4,3079,1.0,2,0.990730222202,0.5,0.25,0.0,0.18927444795
1949,322.0,1159,4,8649,1.0,3,0.0,0.75,0.5625,0.0,0.218296529968
1950,323.0,4,4,327,1.0,1,0.995365111101,0.25,0.0625,0.0,0.328706624606
1951,323.0,4,4,409,1.0,2,0.981460444404,0.5,0.25,-0.25,0.18927444795
1952,323.0,4,4,326,1.0,3,0.990730222202,0.75,0.5625,0.25,0.218296529968
1953,323.0,71,4,327,1.0,1,0.995880098756,0.25,0.0625,0.0,0.328706624606
1954,323.0,72,4,327,1.0,1,0.996292088881,0.25,0.0625,0.0,0.328706624606
1955,323.0,82,4,327,1.0,1,0.99662917171,0.25,0.0625,0.0,0.328706624606
1956,323.0,351,4,327,1.0,1,0.996910074067,0.25,0.0625,0.0,0.328706624606
1957,323.0,659,4,327,1.0,1,0.997147760678,0.25,0.0625,0.0,0.328706624606
1958,323.0,1110,4,327,1.0,1,0.997351492058,0.25,0.0625,0.0,0.328706624606
1959,323.0,1323,4,327,1.0,1,0.997528059254,0.25,0.0625,0.0,0.328706624606
1960,352.0,106,4,1945,1.0,2,0.981460444404,0.5,0.25,-0.25,0.18927444795
1961,362.0,1005,4,370,1.0,2,0.995365111101,0.5,0.25,0.0,0.18927444795
1962,457.0,1441,4,15248,1.0,4,0.0,1.0,1.0,0.0,0.263722397476
1963,463.0,1095,4,467,1.0,2,0.995880098756,0.5,0.25,0.0,0.18927444795
1964,468.0,3,4,571,1.0,2,0.981460444404,0.5,0.25,-0.25,0.18927444795
1965,468.0,6,4,571,1.0,2,0.987640296269,0.5,0.25,-0.25,0.18927444795
1966,468.0,52,4,469,1.0,1,0.995880098756,0.25,0.0625,0.0,0.328706624606
1967,468.0,52,4,571,1.0,2,0.990730222202,0.5,0.25,0.0,0.18927444795
1968,468.0,134,4,469,1.0,1,0.996292088881,0.25,0.0625,0.0,0.328706624606
1969,468.0,218,4,571,1.0,2,0.992584177762,0.5,0.25,0.0,0.18927444795
1970,468.0,294,4,469,1.0,1,0.99662917171,0.25,0.0625,0.0,0.328706624606
1971,468.0,582,4,469,1.0,1,0.996910074067,0.25,0.0625,0.0,0.328706624606
1972,468.0,648,4,469,1.0,1,0.997147760678,0.25,0.0625,0.0,0.328706624606
1973,468.0,1057,4,469,1.0,1,0.997351492058,0.25,0.0625,0.0,0.328706624606
1974,471.0,953,4,7106,1.0,2,0.987640296269,0.5,0.25,-0.25,0.18927444795
1975,480.0,306,4,2867,1.0,2,0.987640296269,0.5,0.25,0.0,0.18927444795
1976,480.0,311,4,2867,1.0,2,0.990730222202,0.5,0.25,0.25,0.18927444795
1977,480.0,317,4,2867,1.0,2,0.992584177762,0.5,0.25,0.25,0.18927444795
1978,484.0,1,4,485,1.0,2,0.0,0.5,0.25,0.0,0.18927444795
1979,484.0,1,4,520,1.0,4,0.0,1.0,1.0,0.0,0.263722397476
1980,484.0,2,4,486,1.0,1,0.995365111101,0.25,0.0625,0.0,0.328706624606
1981,484.0,2,4,517,1.0,2,0.990730222202,0.5,0.25,0.0,0.18927444795
1982,484.0,2,4,485,1.0,3,0.981460444404,0.75,0.5625,0.0,0.218296529968
1983,484.0,2,4,520,1.0,4,0.981460444404,1.0,1.0,0.0,0.263722397476
1984,484.0,42,4,517,1.0,2,0.992584177762,0.5,0.25,0.0,0.18927444795
1985,536.0,1355,4,13482,1.0,1,0.0,0.25,0.0625,-0.5,0.328706624606
1986,536.0,1355,4,13473,1.0,2,0.981460444404,0.5,0.25,0.25,0.18927444795
1987,536.0,1358,4,13482,1.0,1,0.995365111101,0.25,0.0625,0.0,0.328706624606
1988,536.0,1359,4,13482,1.0,1,0.995880098756,0.25,0.0625,0.0,0.328706624606
1989,539.0,1334,4,13337,1.0,2,0.0,0.5,0.25,-0.25,0.18927444795
1990,541.0,68,4,543,1.0,1,0.993820148135,0.25,0.0625,0.0,0.328706624606
1991,578.0,12,4,786,1.0,1,0.981460444404,0.25,0.0625,0.0,0.328706624606
1992,579.0,1,4,587,1.0,1,0.981460444404,0.25,0.0625,0.0,0.328706624606
1993,579.0,1,4,593,1.0,2,0.0,0.5,0.25,0.0,0.18927444795
1994,579.0,1,4,601,1.0,4,0.0,1.0,1.0,0.0,0.263722397476
1995,579.0,2,4,593,1.0,1,0.981460444404,0.25,0.0625,0.0,0.328706624606
1996,643.0,43,4,909,1.0,3,0.0,0.75,0.5625,0.0,0.218296529968
1997,652.0,80,4,1177,1.0,4,0.0,1.0,1.0,0.0,0.263722397476
1998,652.0,81,4,657,1.0,1,0.998314585855,0.25,0.0625,0.0,0.328706624606
1999,652.0,81,4,1177,1.0,2,0.981460444404,0.5,0.25,-0.5,0.18927444795
2000,652.0,114,4,657,1.0,1,0.998387864731,0.25,0.0625,0.0,0.328706624606
2001,652.0,260,4,657,1.0,1,0.998455037034,0.25,0.0625,0.0,0.328706624606
2002,652.0,285,4,657,1.0,1,0.998516835552,0.25,0.0625,0.0,0.328706624606
2003,652.0,708,4,657,1.0,1,0.998573880339,0.25,0.0625,0.0,0.328706624606
2004,652.0,750,4,657,1.0,1,0.998626699585,0.25,0.0625,0.0,0.328706624606
2005,652.0,750,4,654,1.0,2,0.993820148135,0.5,0.25,0.0,0.18927444795
2006,652.0,769,4,657,1.0,1,0.998675746029,0.25,0.0625,0.0,0.328706624606
2007,652.0,920,4,657,1.0,1,0.998721409959,0.25,0.0625,0.0,0.328706624606
2008,652.0,974,4,657,1.0,1,0.998764029627,0.25,0.0625,0.0,0.328706624606
2009,694.0,4,4,751,1.0,4,0.0,1.0,1.0,0.0,0.263722397476
2010,694.0,5,4,751,1.0,3,0.981460444404,0.75,0.5625,0.0,0.218296529968
2011,694.0,7,4,751,1.0,3,0.987640296269,0.75,0.5625,0.0,0.218296529968
2012,694.0,7,4,718,1.0,4,0.987640296269,1.0,1.0,0.0,0.263722397476
2013,694.0,11,4,718,1.0,3,0.990730222202,0.75,0.5625,0.0,0.218296529968
2014,694.0,35,4,696,1.0,1,0.995880098756,0.25,0.0625,0.0,0.328706624606
2015,694.0,513,4,696,1.0,1,0.996292088881,0.25,0.0625,0.0,0.328706624606
2016,694.0,796,4,696,1.0,1,0.99662917171,0.25,0.0625,0.0,0.328706624606
2017,694.0,846,4,717,1.0,2,0.993820148135,0.5,0.25,0.0,0.18927444795
2018,694.0,858,4,718,1.0,2,0.992584177762,0.5,0.25,-0.25,0.18927444795
2019,694.0,874,4,718,1.0,2,0.993820148135,0.5,0.25,0.0,0.18927444795
2020,694.0,886,4,696,1.0,1,0.996910074067,0.25,0.0625,0.0,0.328706624606
2021,694.0,1054,4,751,1.0,2,0.990730222202,0.5,0.25,-0.5,0.18927444795
2022,722.0,1189,4,12205,1.0,2,0.981460444404,0.5,0.25,-0.5,0.18927444795
2023,727.0,34,4,730,1.0,4,0.0,1.0,1.0,0.0,0.263722397476
2024,727.0,35,4,733,1.0,2,0.993820148135,0.5,0.25,0.0,0.18927444795
2025,727.0,37,4,728,1.0,1,0.994702984115,0.25,0.0625,0.0,0.328706624606
2026,727.0,37,4,733,1.0,2,0.994702984115,0.5,0.25,0.0,0.18927444795
2027,727.0,55,4,728,1.0,1,0.995365111101,0.25,0.0625,0.0,0.328706624606
2028,727.0,55,4,733,1.0,2,0.995365111101,0.5,0.25,0.0,0.18927444795
2029,793.0,2,4,794,1.0,1,0.995365111101,0.25,0.0625,0.0,0.328706624606
2030,793.0,2,4,799,1.0,2,0.981460444404,0.5,0.25,-0.5,0.18927444795
2031,793.0,2,4,795,1.0,3,0.987640296269,0.75,0.5625,0.25,0.218296529968
2032,793.0,2,4,796,1.0,4,0.987640296269,1.0,1.0,0.25,0.263722397476
2033,793.0,3,4,794,1.0,1,0.995880098756,0.25,0.0625,0.0,0.328706624606
2034,793.0,7,4,794,1.0,1,0.996292088881,0.25,0.0625,0.0,0.328706624606
2035,793.0,7,4,795,1.0,2,0.990730222202,0.5,0.25,0.0,0.18927444795
2036,793.0,7,4,796,1.0,3,0.990730222202,0.75,0.5625,0.0,0.218296529968
2037,793.0,7,4,799,1.0,4,0.987640296269,1.0,1.0,0.0,0.263722397476
2038,793.0,50,4,794,1.0,1,0.99662917171,0.25,0.0625,0.0,0.328706624606
2039,793.0,50,4,795,1.0,2,0.992584177762,0.5,0.25,0.0,0.18927444795
2040,793.0,83,4,794,1.0,1,0.996910074067,0.25,0.0625,0.0,0.328706624606
2041,793.0,906,4,794,1.0,1,0.997147760678,0.25,0.0625,0.0,0.328706624606
2042,793.0,1031,4,794,1.0,1,0.997351492058,0.25,0.0625,0.0,0.328706624606
2043,818.0,4,4,826,1.0,3,0.992584177762,0.75,0.5625,0.25,0.218296529968
2044,818.0,6,4,866,1.0,1,0.995880098756,0.25,0.0625,0.0,0.328706624606
2045,818.0,138,4,866,1.0,1,0.996292088881,0.25,0.0625,0.0,0.328706624606
2046,827.0,982,4,4398,1.0,4,0.0,1.0,1.0,0.0,0.263722397476
2047,827.0,983,4,828,1.0,2,0.993820148135,0.5,0.25,0.0,0.18927444795
2048,827.0,983,4,4282,1.0,3,0.990730222202,0.75,0.5625,0.0,0.218296529968
2049,827.0,1065,4,831,1.0,1,0.997351492058,0.25,0.0625,0.0,0.328706624606
2050,827.0,1068,4,4282,1.0,2,0.992584177762,0.5,0.25,-0.25,0.18927444795
2051,827.0,1102,4,831,1.0,1,0.997528059254,0.25,0.0625,0.0,0.328706624606
2052,827.0,1158,4,828,1.0,2,0.994702984115,0.5,0.25,0.0,0.18927444795
2053,827.0,1262,4,828,1.0,2,0.995365111101,0.5,0.25,0.0,0.18927444795
2054,827.0,1373,4,831,1.0,1,0.997940049378,0.25,0.0625,0.0,0.328706624606
2055,854.0,1139,4,11870,1.0,2,0.0,0.5,0.25,-0.25,0.18927444795
2056,900.0,368,4,901,1.0,1,0.995880098756,0.25,0.0625,0.0,0.328706624606
2057,900.0,368,4,3165,1.0,2,0.990730222202,0.5,0.25,-0.25,0.18927444795
2058,900.0,368,4,907,1.0,3,0.995880098756,0.75,0.5625,0.25,0.218296529968
2059,900.0,400,4,931,1.0,3,0.987640296269,0.75,0.5625,-0.25,0.218296529968
2060,900.0,423,4,901,1.0,1,0.996292088881,0.25,0.0625,0.0,0.328706624606
2061,900.0,434,4,901,1.0,1,0.99662917171,0.25,0.0625,0.0,0.328706624606
2062,900.0,434,4,907,1.0,3,0.996292088881,0.75,0.5625,0.25,0.218296529968
2063,900.0,1115,4,907,1.0,3,0.99662917171,0.75,0.5625,0.25,0.218296529968
2064,900.0,1352,4,3165,1.0,2,0.992584177762,0.5,0.25,-0.25,0.18927444795
2065,1042.0,132,4,2213,1.0,2,0.0,0.5,0.25,0.0,0.18927444795
2066,1071.0,1076,4,1072,1.0,1,0.996292088881,0.25,0.0625,0.0,0.328706624606
2067,1071.0,1076,4,1074,1.0,2,0.843301606831,0.5,0.25,-0.25,0.18927444795
2068,1071.0,1076,4,10462,1.0,4,0.0,1.0,1.0,0.0,0.263722397476
2069,1071.0,1077,4,1072,1.0,2,0.99662917171,0.5,0.25,0.25,0.18927444795
2070,1071.0,1078,4,1074,1.0,1,0.854494349201,0.25,0.0625,-0.75,0.328706624606
2071,1099.0,776,4,5025,1.0,3,0.0,0.75,0.5625,0.0,0.218296529968
2072,1137.0,943,4,8266,1.0,2,0.987640296269,0.5,0.25,0.0,0.18927444795
2073,1137.0,943,4,8268,1.0,4,0.0,1.0,1.0,0.0,0.263722397476
2074,1137.0,944,4,8266,1.0,2,0.990730222202,0.5,0.25,0.0,0.18927444795
2075,1139.0,1,4,1142,1.0,1,0.0,0.25,0.0625,0.0,0.328706624606
2076,1139.0,1,4,1145,1.0,3,0.0,0.75,0.5625,0.0,0.218296529968
2077,1139.0,2,4,1144,1.0,1,0.987640296269,0.25,0.0625,0.0,0.328706624606
2078,1139.0,3,4,1144,1.0,1,0.990730222202,0.25,0.0625,0.0,0.328706624606
2079,1139.0,6,4,1144,1.0,1,0.992584177762,0.25,0.0625,0.0,0.328706624606
2080,1219.0,602,4,4098,1.0,2,0.0,0.5,0.25,0.0,0.18927444795
2081,1219.0,1056,4,1224,1.0,1,0.992584177762,0.25,0.0625,0.0,0.328706624606
2082,1235.0,1204,4,1236,1.0,1,0.997818875812,0.25,0.0625,0.0,0.328706624606
2083,1235.0,1204,4,1353,1.0,2,0.996910074067,0.5,0.25,0.0,0.18927444795
2084,1235.0,1204,4,12531,1.0,4,-0.345693037064,1.0,1.0,0.0,0.263722397476
2085,1235.0,1253,4,1269,1.0,3,0.995365111101,0.75,0.5625,0.0,0.218296529968
2086,1235.0,1286,4,1236,1.0,1,0.997940049378,0.25,0.0625,0.0,0.328706624606
2087,1235.0,1286,4,1353,1.0,2,0.997147760678,0.5,0.25,0.0,0.18927444795
2088,1235.0,1286,4,12531,1.0,4,-0.509269777798,1.0,1.0,0.0,0.263722397476
2089,1235.0,1287,4,1353,1.0,2,0.997351492058,0.5,0.25,0.0,0.18927444795
2090,1235.0,1288,4,1236,1.0,1,0.998048467832,0.25,0.0625,0.0,0.328706624606
2091,1235.0,1289,4,1353,1.0,2,0.997528059254,0.5,0.25,0.0,0.18927444795
2092,1279.0,1192,4,12490,1.0,3,0.0,0.75,0.5625,0.0,0.218296529968
2093,1279.0,1193,4,12490,1.0,2,0.981460444404,0.5,0.25,0.0,0.18927444795
2094,1279.0,1194,4,12490,1.0,2,0.987640296269,0.5,0.25,0.0,0.18927444795
2095,1279.0,1274,4,12490,1.0,2,0.990730222202,0.5,0.25,0.0,0.18927444795
2096,1280.0,1086,4,10754,1.0,3,0.0,0.75,0.5625,0.0,0.218296529968
2097,1280.0,1086,4,10756,1.0,4,0.0,1.0,1.0,0.0,0.263722397476
2098,1280.0,1087,4,10756,1.0,2,0.981460444404,0.5,0.25,-0.25,0.18927444795
2099,1301.0,318,4,3098,1.0,4,0.0,1.0,1.0,0.0,0.263722397476
2100,1301.0,320,4,3098,1.0,2,0.990730222202,0.5,0.25,-0.25,0.18927444795
2101,1359.0,528,4,2297,1.0,4,0.0,1.0,1.0,0.0,0.263722397476
2102,1359.0,529,4,1369,1.0,1,0.993820148135,0.25,0.0625,0.0,0.328706624606
2103,1435.0,1318,4,13610,1.0,4,0.0,1.0,1.0,0.0,0.263722397476
2104,1435.0,1320,4,2228,1.0,1,0.997147760678,0.25,0.0625,0.0,0.328706624606
2105,1456.0,817,4,5475,1.0,2,0.0,0.5,0.25,0.0,0.18927444795
2106,1474.0,297,4,3034,1.0,3,0.0,0.75,0.5625,0.0,0.218296529968
2107,1474.0,298,4,3034,1.0,2,0.981460444404,0.5,0.25,0.25,0.18927444795
2108,1474.0,299,4,1482,1.0,1,0.592584177762,0.25,0.0625,-0.5,0.328706624606
2109,1474.0,303,4,1482,1.0,1,0.660486814801,0.25,0.0625,-0.5,0.328706624606
2110,1474.0,593,4,3034,1.0,2,0.987640296269,0.5,0.25,0.25,0.18927444795
2111,1474.0,601,4,1482,1.0,1,0.708988698401,0.25,0.0625,-0.5,0.328706624606
2112,1474.0,694,4,3034,1.0,2,0.990730222202,0.5,0.25,0.25,0.18927444795
2113,1474.0,1028,4,3034,1.0,2,0.992584177762,0.5,0.25,0.25,0.18927444795
2114,1474.0,1058,4,3034,1.0,2,0.993820148135,0.5,0.25,0.25,0.18927444795
2115,1475.0,1331,4,7045,1.0,4,0.0,1.0,1.0,0.0,0.263722397476
2116,1508.0,666,4,1544,1.0,1,0.995880098756,0.25,0.0625,0.0,0.328706624606
2117,1508.0,666,4,4432,1.0,3,0.0,0.75,0.5625,0.0,0.218296529968
2118,1508.0,667,4,4432,1.0,3,0.981460444404,0.75,0.5625,0.0,0.218296529968
2119,1581.0,814,4,5503,1.0,1,0.981460444404,0.25,0.0625,-0.5,0.328706624606
2120,1581.0,814,4,5497,1.0,4,0.0,1.0,1.0,0.0,0.263722397476
2121,1581.0,815,4,5497,1.0,1,0.981460444404,0.25,0.0625,-0.5,0.328706624606
2122,1581.0,816,4,1582,1.0,1,0.99662917171,0.25,0.0625,0.0,0.328706624606
2123,1600.0,2,4,1608,1.0,1,0.987640296269,0.25,0.0625,0.0,0.328706624606
2124,1600.0,2,4,1626,1.0,4,0.0,1.0,1.0,0.0,0.263722397476
2125,1600.0,3,4,1626,1.0,4,0.981460444404,1.0,1.0,0.0,0.263722397476
2126,1600.0,5,4,1608,1.0,1,0.990730222202,0.25,0.0625,0.0,0.328706624606
2127,1600.0,5,4,1601,1.0,3,0.990730222202,0.75,0.5625,0.25,0.218296529968
2128,1600.0,15,4,1608,1.0,1,0.992584177762,0.25,0.0625,0.0,0.328706624606
2129,1600.0,37,4,1608,1.0,1,0.993820148135,0.25,0.0625,0.0,0.328706624606
2130,1600.0,37,4,1601,1.0,3,0.992584177762,0.75,0.5625,0.25,0.218296529968
2131,1615.0,134,4,1653,1.0,3,0.0,0.75,0.5625,0.0,0.218296529968
2132,1690.0,258,4,2862,1.0,2,0.0,0.5,0.25,0.0,0.18927444795
2133,1690.0,259,4,2862,1.0,2,0.981460444404,0.5,0.25,0.0,0.18927444795
2134,1695.0,468,4,3673,1.0,4,0.0,1.0,1.0,0.0,0.263722397476
2135,1695.0,469,4,1699,1.0,1,0.993820148135,0.25,0.0625,0.0,0.328706624606
2136,1695.0,469,4,2991,1.0,2,0.990730222202,0.5,0.25,0.0,0.18927444795
2137,1695.0,469,4,3673,1.0,3,0.981460444404,0.75,0.5625,0.0,0.218296529968
2138,1695.0,470,4,3673,1.0,2,0.987640296269,0.5,0.25,-0.25,0.18927444795
2139,1695.0,565,4,3673,1.0,2,0.990730222202,0.5,0.25,0.0,0.18927444795
2140,1695.0,1126,4,1699,1.0,1,0.994702984115,0.25,0.0625,0.0,0.328706624606
2141,1755.0,1170,4,1825,1.0,4,0.0,1.0,1.0,0.0,0.263722397476
2142,1755.0,1171,4,1764,1.0,1,0.995880098756,0.25,0.0625,-0.25,0.328706624606
2143,1755.0,1171,4,1756,1.0,2,0.996910074067,0.5,0.25,0.25,0.18927444795
2144,1969.0,2,4,1972,1.0,1,0.995365111101,0.25,0.0625,-0.25,0.328706624606
2145,1969.0,2,4,1973,1.0,3,0.995880098756,0.75,0.5625,0.5,0.218296529968
2146,1969.0,2,4,1976,1.0,4,0.981460444404,1.0,1.0,0.0,0.263722397476
2147,1969.0,6,4,1973,1.0,3,0.996292088881,0.75,0.5625,0.5,0.218296529968
2148,1969.0,16,4,1976,1.0,2,0.987640296269,0.5,0.25,-0.5,0.18927444795
2149,1969.0,16,4,1973,1.0,3,0.99662917171,0.75,0.5625,0.5,0.218296529968
2150,1969.0,16,4,1971,1.0,4,0.995365111101,1.0,1.0,0.25,0.263722397476
2151,1969.0,22,4,1973,1.0,2,0.996910074067,0.5,0.25,0.25,0.18927444795
2152,1969.0,23,4,1973,1.0,2,0.997147760678,0.5,0.25,0.25,0.18927444795
2153,1969.0,34,4,1973,1.0,2,0.997351492058,0.5,0.25,0.25,0.18927444795
2154,1969.0,38,4,1973,1.0,2,0.997528059254,0.5,0.25,0.25,0.18927444795
2155,2045.0,57,4,2071,1.0,3,0.0,0.75,0.5625,0.0,0.218296529968
2156,2079.0,9,4,2099,1.0,3,0.981460444404,0.75,0.5625,-0.25,0.218296529968
2157,2079.0,13,4,2080,1.0,1,0.995880098756,0.25,0.0625,0.0,0.328706624606
2158,2079.0,21,4,2099,1.0,3,0.987640296269,0.75,0.5625,-0.25,0.218296529968
2159,2104.0,1193,4,13302,1.0,3,0.0,0.75,0.5625,0.0,0.218296529968
2160,2104.0,1194,4,2110,1.0,1,0.994702984115,0.25,0.0625,-0.25,0.328706624606
2161,2131.0,44,4,2132,1.0,4,0.0,1.0,1.0,0.0,0.263722397476
2162,2131.0,45,4,2135,1.0,1,0.993820148135,0.25,0.0625,0.0,0.328706624606
2163,2163.0,30,4,2164,1.0,1,0.796292088881,0.25,0.0625,0.0,0.328706624606
2164,2163.0,30,4,2165,1.0,4,0.451174626255,1.0,1.0,0.5,0.263722397476
2165,2211.0,557,4,4412,1.0,3,0.0,0.75,0.5625,0.0,0.218296529968
2166,2211.0,558,4,4412,1.0,2,0.981460444404,0.5,0.25,-0.25,0.18927444795
2167,2242.0,10,4,2301,1.0,4,-0.345693037064,1.0,1.0,0.0,0.263722397476
2168,2251.0,6,4,2288,1.0,2,0.0,0.5,0.25,0.0,0.18927444795
2169,2252.0,1010,4,12048,1.0,3,0.0,0.75,0.5625,0.0,0.218296529968
2170,2252.0,1011,4,2255,1.0,1,0.99662917171,0.25,0.0625,0.0,0.328706624606
2171,2261.0,9,4,2310,1.0,1,0.987640296269,0.25,0.0625,-0.25,0.328706624606
2172,2261.0,9,4,2278,1.0,2,0.987640296269,0.5,0.25,-0.25,0.18927444795
2173,2261.0,9,4,2264,1.0,3,0.995880098756,0.75,0.5625,0.5,0.218296529968
2174,2261.0,9,4,2263,1.0,4,0.796292088881,1.0,1.0,0.0,0.263722397476
2175,2261.0,10,4,2310,1.0,1,0.990730222202,0.25,0.0625,-0.25,0.328706624606
2176,2261.0,31,4,2310,1.0,1,0.992584177762,0.25,0.0625,-0.25,0.328706624606
2177,2261.0,60,4,2310,1.0,1,0.993820148135,0.25,0.0625,-0.25,0.328706624606
2178,2275.0,323,4,3520,1.0,4,0.0,1.0,1.0,0.0,0.263722397476
2179,2275.0,324,4,3520,1.0,1,0.981460444404,0.25,0.0625,-0.25,0.328706624606
2180,2275.0,326,4,3520,1.0,1,0.987640296269,0.25,0.0625,0.0,0.328706624606
2181,2275.0,331,4,3520,1.0,1,0.990730222202,0.25,0.0625,0.0,0.328706624606
2182,2276.0,113,4,2784,1.0,3,0.0,0.75,0.5625,0.0,0.218296529968
2183,2276.0,114,4,2784,1.0,1,0.981460444404,0.25,0.0625,0.0,0.328706624606
2184,2279.0,1111,4,12864,1.0,3,0.0,0.75,0.5625,0.0,0.218296529968
2185,2279.0,1112,4,2282,1.0,2,0.997147760678,0.5,0.25,0.0,0.18927444795
2186,2279.0,1117,4,2282,1.0,2,0.997351492058,0.5,0.25,0.0,0.18927444795
2187,2295.0,495,4,2308,1.0,2,0.0,0.5,0.25,0.0,0.18927444795
2188,2334.0,924,4,10321,1.0,3,0.0,0.75,0.5625,0.0,0.218296529968
2189,2334.0,925,4,10321,1.0,2,0.981460444404,0.5,0.25,0.0,0.18927444795
2190,2334.0,937,4,2337,1.0,1,0.998048467832,0.25,0.0625,0.0,0.328706624606
2191,2334.0,939,4,10321,1.0,2,0.987640296269,0.5,0.25,0.0,0.18927444795
2192,2334.0,940,4,2337,1.0,1,0.99814604444,0.25,0.0625,0.0,0.328706624606
2193,2343.0,7,4,2352,1.0,3,0.0,0.75,0.5625,0.0,0.218296529968
2194,2343.0,7,4,2355,1.0,4,0.0,1.0,1.0,0.0,0.263722397476
2195,2343.0,8,4,2344,1.0,1,0.990730222202,0.25,0.0625,0.0,0.328706624606
2196,2343.0,8,4,2349,1.0,2,0.987640296269,0.5,0.25,0.0,0.18927444795
2197,2343.0,8,4,2352,1.0,3,0.981460444404,0.75,0.5625,0.0,0.218296529968
2198,2396.0,224,4,3234,1.0,4,0.0,1.0,1.0,0.0,0.263722397476
2199,2396.0,225,4,3234,1.0,3,0.981460444404,0.75,0.5625,0.0,0.218296529968
2200,2396.0,228,4,2400,1.0,1,0.993820148135,0.25,0.0625,-0.25,0.328706624606
2201,2418.0,733,4,6893,1.0,3,0.0,0.75,0.5625,0.0,0.218296529968
2202,2427.0,11,4,2479,1.0,2,0.0,0.5,0.25,0.0,0.18927444795
2203,2427.0,12,4,2479,1.0,1,0.981460444404,0.25,0.0625,-0.25,0.328706624606
2204,2427.0,14,4,2479,1.0,1,0.987640296269,0.25,0.0625,0.0,0.328706624606
2205,2446.0,228,4,2448,1.0,4,0.0,1.0,1.0,0.0,0.263722397476
2206,2446.0,229,4,2449,1.0,1,0.997147760678,0.25,0.0625,0.0,0.328706624606
2207,2446.0,229,4,2447,1.0,2,0.993820148135,0.5,0.25,0.0,0.18927444795
2208,2446.0,624,4,2449,1.0,1,0.997351492058,0.25,0.0625,0.0,0.328706624606
2209,2446.0,677,4,2449,1.0,1,0.997528059254,0.25,0.0625,0.0,0.328706624606
2210,2446.0,805,4,2449,1.0,1,0.997682555551,0.25,0.0625,0.0,0.328706624606
2211,2446.0,807,4,2449,1.0,1,0.997818875812,0.25,0.0625,0.0,0.328706624606
2212,2446.0,819,4,2449,1.0,1,0.997940049378,0.25,0.0625,0.0,0.328706624606
2213,2446.0,867,4,2449,1.0,1,0.998048467832,0.25,0.0625,0.0,0.328706624606
2214,2446.0,868,4,2449,1.0,1,0.99814604444,0.25,0.0625,0.0,0.328706624606
2215,2446.0,950,4,2449,1.0,1,0.998234328038,0.25,0.0625,0.0,0.328706624606
2216,2446.0,1083,4,2449,1.0,1,0.998314585855,0.25,0.0625,0.0,0.328706624606
2217,2460.0,24,4,2575,1.0,3,0.0,0.75,0.5625,0.0,0.218296529968
2218,2460.0,25,4,2575,1.0,1,0.981460444404,0.25,0.0625,-0.5,0.328706624606
2219,2460.0,25,4,2461,1.0,3,0.992584177762,0.75,0.5625,0.5,0.218296529968
2220,2460.0,27,4,2575,1.0,1,0.987640296269,0.25,0.0625,-0.5,0.328706624606
2221,2460.0,377,4,2461,1.0,3,0.993820148135,0.75,0.5625,0.5,0.218296529968
2222,2520.0,1274,4,15668,1.0,4,0.0,1.0,1.0,0.0,0.263722397476
2223,2520.0,1275,4,6934,1.0,2,0.990730222202,0.5,0.25,0.0,0.18927444795
2224,2520.0,1275,4,15668,1.0,3,0.981460444404,0.75,0.5625,0.0,0.218296529968
2225,2536.0,798,4,2538,1.0,1,0.996292088881,0.25,0.0625,0.0,0.328706624606
2226,2565.0,89,4,2728,1.0,1,0.981460444404,0.25,0.0625,0.0,0.328706624606
2227,2622.0,265,4,2640,1.0,3,0.0,0.75,0.5625,0.0,0.218296529968
2228,2622.0,265,4,2656,1.0,4,0.0,1.0,1.0,0.0,0.263722397476
2229,2630.0,866,4,10472,1.0,4,0.0,1.0,1.0,0.0,0.263722397476
2230,2634.0,460,4,4346,1.0,3,0.0,0.75,0.5625,0.0,0.218296529968
2231,2634.0,461,4,2644,1.0,1,0.320973629603,0.25,0.0625,-0.25,0.328706624606
2232,2634.0,461,4,2637,1.0,2,0.990730222202,0.5,0.25,0.25,0.18927444795
2233,2685.0,462,4,4422,1.0,4,0.0,1.0,1.0,0.0,0.263722397476
2234,2685.0,463,4,4422,1.0,2,0.981460444404,0.5,0.25,-0.5,0.18927444795
2235,2685.0,463,4,3883,1.0,3,0.992584177762,0.75,0.5625,0.0,0.218296529968
2236,2685.0,470,4,4422,1.0,2,0.987640296269,0.5,0.25,-0.5,0.18927444795
2237,2705.0,129,4,2709,1.0,2,0.0,0.5,0.25,0.0,0.18927444795
2238,2705.0,129,4,2721,1.0,3,0.0,0.75,0.5625,0.0,0.218296529968
2239,2705.0,130,4,2721,1.0,1,0.981460444404,0.25,0.0625,0.0,0.328706624606
2240,2772.0,10,4,2794,1.0,4,0.0,1.0,1.0,0.0,0.263722397476
2241,2772.0,244,4,2773,1.0,3,0.997818875812,0.75,0.5625,0.5,0.218296529968
2242,2772.0,401,4,2777,1.0,1,0.996292088881,0.25,0.0625,-0.25,0.328706624606
2243,2772.0,401,4,2773,1.0,3,0.997940049378,0.75,0.5625,0.5,0.218296529968
2244,2772.0,493,4,2777,1.0,1,0.99662917171,0.25,0.0625,-0.25,0.328706624606
2245,2772.0,494,4,2773,1.0,2,0.998234328038,0.5,0.25,0.25,0.18927444795
2246,2772.0,692,4,2773,1.0,3,0.998314585855,0.75,0.5625,0.5,0.218296529968
2247,2772.0,1061,4,2777,1.0,1,0.996910074067,0.25,0.0625,-0.25,0.328706624606
2248,2772.0,1061,4,2773,1.0,3,0.998387864731,0.75,0.5625,0.5,0.218296529968
2249,2772.0,1155,4,2777,1.0,1,0.997147760678,0.25,0.0625,-0.25,0.328706624606
2250,2803.0,4,4,2819,1.0,2,0.987640296269,0.5,0.25,0.25,0.18927444795
2251,2803.0,4,4,2834,1.0,3,0.0,0.75,0.5625,-0.25,0.218296529968
2252,2806.0,373,4,4194,1.0,2,0.490730222202,0.5,0.25,-0.5,0.18927444795
2253,2807.0,741,4,8185,1.0,3,0.0,0.75,0.5625,0.0,0.218296529968
2254,2807.0,742,4,7157,1.0,2,0.987640296269,0.5,0.25,0.0,0.18927444795
2255,2807.0,747,4,2809,1.0,1,0.998234328038,0.25,0.0625,0.0,0.328706624606
2256,2807.0,969,4,2809,1.0,1,0.998314585855,0.25,0.0625,0.0,0.328706624606
2257,2820.0,329,4,2822,1.0,1,0.997147760678,0.25,0.0625,0.0,0.328706624606
2258,2820.0,329,4,4031,1.0,3,0.0,0.75,0.5625,0.0,0.218296529968
2259,2879.0,702,4,5454,1.0,3,0.0,0.75,0.5625,0.0,0.218296529968
2260,2879.0,703,4,5454,1.0,4,-0.0185395555959,1.0,1.0,0.0,0.263722397476
2261,2899.0,854,4,11959,1.0,3,0.0,0.75,0.5625,-0.25,0.218296529968
2262,2931.0,3,4,2938,1.0,1,0.981460444404,0.25,0.0625,0.0,0.328706624606
2263,2931.0,12,4,2938,1.0,1,0.987640296269,0.25,0.0625,0.0,0.328706624606
2264,3059.0,20,4,3123,1.0,2,0.0,0.5,0.25,0.0,0.18927444795
2265,3059.0,21,4,3123,1.0,2,0.981460444404,0.5,0.25,0.0,0.18927444795
2266,3090.0,6,4,3096,1.0,4,-0.00926977779797,1.0,1.0,0.0,0.263722397476
2267,3124.0,1058,4,3128,1.0,1,0.99662917171,0.25,0.0625,0.0,0.328706624606
2268,3124.0,1058,4,15197,1.0,4,0.0,1.0,1.0,0.0,0.263722397476
2269,3124.0,1065,4,3128,1.0,1,0.996910074067,0.25,0.0625,0.0,0.328706624606
2270,3124.0,1065,4,3125,1.0,2,0.994702984115,0.5,0.25,0.0,0.18927444795
2271,3137.0,568,4,3182,1.0,2,0.0,0.5,0.25,-0.25,0.18927444795
2272,3137.0,569,4,3189,1.0,1,0.320973629603,0.25,0.0625,-0.5,0.328706624606
2273,3137.0,573,4,3189,1.0,1,0.490730222202,0.25,0.0625,-0.25,0.328706624606
2274,3138.0,11,4,3157,1.0,1,0.995365111101,0.25,0.0625,0.0,0.328706624606
2275,3138.0,11,4,3167,1.0,2,0.987640296269,0.5,0.25,-0.25,0.18927444795
2276,3138.0,197,4,3157,1.0,1,0.995880098756,0.25,0.0625,0.0,0.328706624606
2277,3162.0,414,4,3164,1.0,2,0.990730222202,0.5,0.25,0.0,0.18927444795
2278,3178.0,261,4,3589,1.0,3,0.0,0.75,0.5625,0.0,0.218296529968
2279,3210.0,27,4,3257,1.0,1,0.981460444404,0.25,0.0625,0.0,0.328706624606
2280,3210.0,106,4,3257,1.0,1,0.987640296269,0.25,0.0625,0.0,0.328706624606
2281,3326.0,2,4,3336,1.0,3,0.0,0.75,0.5625,0.0,0.218296529968
2282,3326.0,3,4,3330,1.0,1,0.990730222202,0.25,0.0625,0.0,0.328706624606
2283,3326.0,9,4,3330,1.0,1,0.992584177762,0.25,0.0625,0.0,0.328706624606
2284,3404.0,12,4,3406,1.0,1,0.997147760678,0.25,0.0625,0.0,0.328706624606
2285,3404.0,26,4,3406,1.0,1,0.997351492058,0.25,0.0625,0.0,0.328706624606
2286,3404.0,53,4,3406,1.0,1,0.997528059254,0.25,0.0625,0.0,0.328706624606
2287,3404.0,123,4,3406,1.0,1,0.997682555551,0.25,0.0625,0.0,0.328706624606
2288,3404.0,370,4,3406,1.0,1,0.997818875812,0.25,0.0625,0.0,0.328706624606
2289,3408.0,37,4,3519,1.0,3,0.0,0.75,0.5625,0.0,0.218296529968
2290,3408.0,38,4,3519,1.0,2,0.981460444404,0.5,0.25,-0.25,0.18927444795
2291,3408.0,40,4,3519,1.0,2,0.987640296269,0.5,0.25,-0.25,0.18927444795
2292,3436.0,290,4,4533,1.0,3,0.0,0.75,0.5625,0.0,0.218296529968
2293,3477.0,569,4,3481,1.0,1,0.997147760678,0.25,0.0625,0.0,0.328706624606
2294,3477.0,569,4,8700,1.0,3,0.0,0.75,0.5625,0.0,0.218296529968
2295,3477.0,570,4,3481,1.0,1,0.997351492058,0.25,0.0625,0.0,0.328706624606
2296,3477.0,570,4,8700,1.0,4,-0.0185395555959,1.0,1.0,0.0,0.263722397476
2297,3477.0,595,4,3481,1.0,1,0.997528059254,0.25,0.0625,0.0,0.328706624606
2298,3477.0,769,4,3481,1.0,1,0.997682555551,0.25,0.0625,0.0,0.328706624606
2299,3477.0,929,4,3481,1.0,1,0.997818875812,0.25,0.0625,0.0,0.328706624606
2300,3477.0,931,4,3481,1.0,1,0.997940049378,0.25,0.0625,0.0,0.328706624606
2301,3477.0,965,4,3481,1.0,1,0.998048467832,0.25,0.0625,0.0,0.328706624606
2302,3505.0,18,4,3511,1.0,4,0.0,1.0,1.0,0.0,0.263722397476
2303,3529.0,324,4,5133,1.0,4,0.0,1.0,1.0,0.0,0.263722397476
2304,3554.0,2,4,3564,1.0,2,0.981460444404,0.5,0.25,0.25,0.18927444795
2305,3554.0,3,4,3566,1.0,1,0.987640296269,0.25,0.0625,0.0,0.328706624606
2306,3554.0,5,4,3566,1.0,1,0.990730222202,0.25,0.0625,0.0,0.328706624606
2307,3571.0,8,4,3591,1.0,3,0.0,0.75,0.5625,0.0,0.218296529968
2308,3604.0,3,4,3619,1.0,1,0.490730222202,0.25,0.0625,-0.5,0.328706624606
2309,3609.0,5,4,3637,1.0,3,0.0,0.75,0.5625,0.0,0.218296529968
2310,3670.0,29,4,3786,1.0,1,0.987640296269,0.25,0.0625,-0.5,0.328706624606
2311,3740.0,35,4,3748,1.0,3,0.0,0.75,0.5625,0.0,0.218296529968
2312,3780.0,666,4,8328,1.0,4,0.0,1.0,1.0,0.0,0.263722397476
2313,3825.0,716,4,3845,1.0,4,0.0,1.0,1.0,0.0,0.263722397476
2314,3825.0,717,4,3841,1.0,1,0.997351492058,0.25,0.0625,0.0,0.328706624606
2315,3825.0,717,4,3845,1.0,4,-0.0185395555959,1.0,1.0,0.0,0.263722397476
2316,3869.0,5,4,3870,1.0,1,0.995880098756,0.25,0.0625,0.0,0.328706624606
2317,3869.0,5,4,3888,1.0,2,0.981460444404,0.5,0.25,0.0,0.18927444795
2318,3869.0,5,4,3887,1.0,3,0.0,0.75,0.5625,0.0,0.218296529968
2319,3869.0,5,4,3889,1.0,4,0.0,1.0,1.0,0.0,0.263722397476
2320,3869.0,6,4,3889,1.0,2,0.981460444404,0.5,0.25,-0.25,0.18927444795
2321,3869.0,6,4,3887,1.0,3,0.981460444404,0.75,0.5625,-0.25,0.218296529968
2322,3869.0,6,4,3888,1.0,4,0.987640296269,1.0,1.0,0.5,0.263722397476
2323,3869.0,10,4,3870,1.0,1,0.996292088881,0.25,0.0625,0.0,0.328706624606
2324,3869.0,29,4,3870,1.0,1,0.99662917171,0.25,0.0625,0.0,0.328706624606
2325,3869.0,30,4,3870,1.0,1,0.996910074067,0.25,0.0625,0.0,0.328706624606
2326,3970.0,5,4,3976,1.0,1,0.994702984115,0.25,0.0625,0.0,0.328706624606
2327,3970.0,6,4,3976,1.0,1,0.995365111101,0.25,0.0625,0.0,0.328706624606
2328,3970.0,706,4,3976,1.0,1,0.995880098756,0.25,0.0625,0.0,0.328706624606
2329,4015.0,536,4,11855,1.0,2,0.0,0.5,0.25,0.0,0.18927444795
2330,4015.0,537,4,11855,1.0,1,0.981460444404,0.25,0.0625,-0.25,0.328706624606
2331,4109.0,2,4,4110,1.0,2,0.981460444404,0.5,0.25,0.0,0.18927444795
2332,4109.0,2,4,4115,1.0,3,0.981460444404,0.75,0.5625,0.0,0.218296529968
2333,4109.0,2,4,4120,1.0,4,0.0,1.0,1.0,0.0,0.263722397476
2334,4128.0,417,4,9928,1.0,2,0.987640296269,0.5,0.25,-0.5,0.18927444795
2335,4128.0,419,4,4138,1.0,2,0.996910074067,0.5,0.25,0.25,0.18927444795
2336,4139.0,5,4,4167,1.0,4,0.0,1.0,1.0,0.0,0.263722397476
2337,4139.0,6,4,4143,1.0,1,0.995880098756,0.25,0.0625,0.0,0.328706624606
2338,4139.0,6,4,4165,1.0,2,0.592584177762,0.5,0.25,-0.25,0.18927444795
2339,4139.0,7,4,4143,1.0,2,0.996292088881,0.5,0.25,0.25,0.18927444795
2340,4139.0,7,4,4165,1.0,3,0.660486814801,0.75,0.5625,0.0,0.218296529968
2341,4326.0,16,4,4403,1.0,3,0.0,0.75,0.5625,0.0,0.218296529968
2342,4326.0,25,4,4349,1.0,1,0.660486814801,0.25,0.0625,-0.25,0.328706624606
2343,4326.0,56,4,4328,1.0,2,0.987640296269,0.5,0.25,0.25,0.18927444795
2344,4362.0,471,4,10211,1.0,3,0.0,0.75,0.5625,0.0,0.218296529968
2345,4384.0,400,4,10467,1.0,2,0.0,0.5,0.25,0.0,0.18927444795
2346,4506.0,540,4,4526,1.0,2,0.0,0.5,0.25,0.0,0.18927444795
2347,4520.0,12,4,4634,1.0,2,0.0,0.5,0.25,0.0,0.18927444795
2348,4520.0,13,4,4634,1.0,2,0.981460444404,0.5,0.25,0.0,0.18927444795
2349,4559.0,6,4,4637,1.0,3,0.0,0.75,0.5625,0.0,0.218296529968
2350,4559.0,7,4,4560,1.0,1,0.992584177762,0.25,0.0625,0.0,0.328706624606
2351,4559.0,10,4,4560,1.0,1,0.660486814801,0.25,0.0625,-0.25,0.328706624606
2352,4559.0,12,4,4560,1.0,1,0.708988698401,0.25,0.0625,-0.25,0.328706624606
2353,4573.0,8,4,4654,1.0,2,0.0,0.5,0.25,0.0,0.18927444795
2354,4573.0,9,4,4654,1.0,1,0.981460444404,0.25,0.0625,-0.25,0.328706624606
2355,4573.0,12,4,4654,1.0,1,0.987640296269,0.25,0.0625,0.0,0.328706624606
2356,4623.0,27,4,4632,1.0,2,0.981460444404,0.5,0.25,0.25,0.18927444795
2357,4623.0,329,4,4626,1.0,1,0.592584177762,0.25,0.0625,-0.25,0.328706624606
2358,4623.0,329,4,4631,1.0,2,0.592584177762,0.5,0.25,-0.25,0.18927444795
2359,4623.0,581,4,4631,1.0,2,0.660486814801,0.5,0.25,0.0,0.18927444795
2360,4679.0,28,4,4871,1.0,3,0.0,0.75,0.5625,0.0,0.218296529968
2361,4679.0,29,4,4871,1.0,2,0.981460444404,0.5,0.25,0.0,0.18927444795
2362,4679.0,30,4,4685,1.0,1,0.995365111101,0.25,0.0625,0.0,0.328706624606
2363,4679.0,30,4,4871,1.0,2,0.987640296269,0.5,0.25,0.0,0.18927444795
2364,4681.0,14,4,4793,1.0,3,0.0,0.75,0.5625,0.0,0.218296529968
2365,4681.0,15,4,4793,1.0,1,0.981460444404,0.25,0.0625,-0.25,0.328706624606
2366,4700.0,4,4,4747,1.0,3,0.981460444404,0.75,0.5625,0.25,0.218296529968
2367,4700.0,5,4,4709,1.0,1,-0.339513185199,0.25,0.0625,-0.75,0.328706624606
2368,4700.0,5,4,4703,1.0,2,0.994702984115,0.5,0.25,0.25,0.18927444795
2369,4700.0,12,4,4709,1.0,1,-0.433868444456,0.25,0.0625,-0.75,0.328706624606
2370,4700.0,12,4,4703,1.0,2,0.995365111101,0.5,0.25,0.25,0.18927444795
2371,4700.0,12,4,4747,1.0,3,0.987640296269,0.75,0.5625,0.25,0.218296529968
2372,4700.0,319,4,4709,1.0,1,-0.504634888899,0.25,0.0625,-0.75,0.328706624606
2373,4700.0,325,4,4709,1.0,1,-0.337453234577,0.25,0.0625,-0.75,0.328706624606
2374,4700.0,517,4,4747,1.0,2,0.990730222202,0.5,0.25,0.0,0.18927444795
2375,4701.0,368,4,10748,1.0,4,0.0,1.0,1.0,0.0,0.263722397476
2376,4872.0,361,4,9956,1.0,4,0.0,1.0,1.0,0.0,0.263722397476
2377,4872.0,362,4,9956,1.0,1,0.981460444404,0.25,0.0625,-0.5,0.328706624606
2378,4873.0,6,4,4917,1.0,1,0.981460444404,0.25,0.0625,-0.5,0.328706624606
2379,4873.0,11,4,4917,1.0,1,0.987640296269,0.25,0.0625,-0.5,0.328706624606
2380,4873.0,11,4,4874,1.0,2,0.990730222202,0.5,0.25,0.25,0.18927444795
2381,4873.0,11,4,4876,1.0,3,0.990730222202,0.75,0.5625,0.25,0.218296529968
2382,4873.0,12,4,4875,1.0,2,0.592584177762,0.5,0.25,-0.5,0.18927444795
2383,4873.0,256,4,4874,1.0,2,0.992584177762,0.5,0.25,0.25,0.18927444795
2384,4873.0,256,4,4875,1.0,3,0.660486814801,0.75,0.5625,-0.25,0.218296529968
2385,4873.0,257,4,4917,1.0,1,0.993820148135,0.25,0.0625,0.0,0.328706624606
2386,4873.0,257,4,4875,1.0,2,0.708988698401,0.5,0.25,-0.5,0.18927444795
2387,4905.0,209,4,8435,1.0,3,0.0,0.75,0.5625,0.0,0.218296529968
2388,4979.0,64,4,5108,1.0,4,0.0,1.0,1.0,0.0,0.263722397476
2389,5064.0,21,4,5066,1.0,3,0.0,0.75,0.5625,0.0,0.218296529968
2390,5064.0,21,4,5067,1.0,4,0.0,1.0,1.0,0.0,0.263722397476
2391,5073.0,639,4,5077,1.0,2,0.0,0.5,0.25,0.0,0.18927444795
2392,5098.0,3,4,5099,1.0,1,0.987640296269,0.25,0.0625,0.0,0.328706624606
2393,5098.0,3,4,5115,1.0,3,0.981460444404,0.75,0.5625,0.0,0.218296529968
2394,5117.0,21,4,5258,1.0,1,0.0,0.25,0.0625,-0.5,0.328706624606
2395,5117.0,21,4,5256,1.0,3,0.981460444404,0.75,0.5625,0.25,0.218296529968
2396,5117.0,22,4,5258,1.0,1,0.981460444404,0.25,0.0625,-0.25,0.328706624606
2397,5125.0,19,4,5254,1.0,3,0.0,0.75,0.5625,0.0,0.218296529968
2398,5125.0,20,4,5254,1.0,4,-0.0185395555959,1.0,1.0,0.0,0.263722397476
2399,5164.0,3,4,5165,1.0,1,0.994702984115,0.25,0.0625,0.0,0.328706624606
2400,5164.0,3,4,5175,1.0,2,0.981460444404,0.5,0.25,0.0,0.18927444795
2401,5164.0,3,4,5176,1.0,3,0.0,0.75,0.5625,0.0,0.218296529968
2402,5164.0,4,4,5176,1.0,2,0.981460444404,0.5,0.25,0.0,0.18927444795
2403,5282.0,2,4,5286,1.0,1,0.990730222202,0.25,0.0625,0.0,0.328706624606
2404,5282.0,2,4,5287,1.0,4,-0.0185395555959,1.0,1.0,0.0,0.263722397476
2405,5282.0,5,4,5286,1.0,1,0.992584177762,0.25,0.0625,0.0,0.328706624606
2406,5323.0,2,4,5335,1.0,1,0.987640296269,0.25,0.0625,0.0,0.328706624606
2407,5323.0,2,4,5327,1.0,2,0.490730222202,0.5,0.25,-0.25,0.18927444795
2408,5323.0,2,4,5328,1.0,3,0.987640296269,0.75,0.5625,0.25,0.218296529968
2409,5323.0,3,4,5328,1.0,2,0.990730222202,0.5,0.25,0.25,0.18927444795
2410,5369.0,444,4,13045,1.0,2,0.990730222202,0.5,0.25,0.0,0.18927444795
2411,5426.0,24,4,5603,1.0,4,0.0,1.0,1.0,0.0,0.263722397476
2412,5441.0,12,4,5526,1.0,4,0.0,1.0,1.0,0.0,0.263722397476
2413,5441.0,13,4,5526,1.0,2,0.981460444404,0.5,0.25,-0.5,0.18927444795
2414,5441.0,14,4,5442,1.0,1,0.996292088881,0.25,0.0625,0.0,0.328706624606
2415,5441.0,14,4,5526,1.0,2,0.987640296269,0.5,0.25,0.0,0.18927444795
2416,5469.0,566,4,9948,1.0,3,0.0,0.75,0.5625,-0.25,0.218296529968
2417,5469.0,567,4,5471,1.0,1,0.994702984115,0.25,0.0625,0.0,0.328706624606
2418,5469.0,568,4,5471,1.0,1,0.995365111101,0.25,0.0625,0.0,0.328706624606
2419,5474.0,28,4,5478,1.0,4,0.0,1.0,1.0,0.0,0.263722397476
2420,5511.0,8,4,5514,1.0,2,0.987640296269,0.5,0.25,0.0,0.18927444795
2421,5511.0,8,4,5573,1.0,3,0.981460444404,0.75,0.5625,0.0,0.218296529968
2422,5534.0,4,4,5543,1.0,3,0.0,0.75,0.5625,-0.25,0.218296529968
2423,5534.0,4,4,5541,1.0,4,0.320973629603,1.0,1.0,0.25,0.263722397476
2424,5534.0,5,4,5543,1.0,2,0.981460444404,0.5,0.25,-0.25,0.18927444795
2425,5534.0,5,4,5536,1.0,3,0.987640296269,0.75,0.5625,0.25,0.218296529968
2426,5534.0,6,4,5535,1.0,1,0.990730222202,0.25,0.0625,0.0,0.328706624606
2427,5534.0,9,4,5535,1.0,1,0.992584177762,0.25,0.0625,0.0,0.328706624606
2428,5534.0,10,4,5535,1.0,1,0.993820148135,0.25,0.0625,0.0,0.328706624606
2429,5534.0,10,4,5543,1.0,2,0.987640296269,0.5,0.25,0.0,0.18927444795
2430,5534.0,11,4,5535,1.0,1,0.994702984115,0.25,0.0625,0.0,0.328706624606
2431,5534.0,11,4,5536,1.0,2,0.990730222202,0.5,0.25,0.0,0.18927444795
2432,5534.0,11,4,5541,1.0,3,0.490730222202,0.75,0.5625,-0.25,0.218296529968
2433,5534.0,11,4,5543,1.0,4,0.990730222202,1.0,1.0,0.25,0.263722397476
2434,5534.0,12,4,5535,1.0,1,0.995365111101,0.25,0.0625,0.0,0.328706624606
2435,5534.0,12,4,5543,1.0,2,0.992584177762,0.5,0.25,0.0,0.18927444795
2436,5534.0,12,4,5541,1.0,3,0.592584177762,0.75,0.5625,-0.25,0.218296529968
2437,5545.0,519,4,14797,1.0,2,0.987640296269,0.5,0.25,0.0,0.18927444795
2438,5545.0,520,4,5561,1.0,3,0.987640296269,0.75,0.5625,0.0,0.218296529968
2439,5551.0,274,4,11865,1.0,4,0.0,1.0,1.0,0.0,0.263722397476
2440,5551.0,591,4,8449,1.0,1,0.992584177762,0.25,0.0625,-0.25,0.328706624606
2441,5641.0,4,4,5663,1.0,2,0.0,0.5,0.25,-0.25,0.18927444795
2442,5641.0,5,4,5663,1.0,2,0.981460444404,0.5,0.25,0.25,0.18927444795
2443,5674.0,8,4,5682,1.0,2,0.987640296269,0.5,0.25,0.0,0.18927444795
2444,5708.0,19,4,6887,1.0,1,0.981460444404,0.25,0.0625,0.0,0.328706624606
2445,5708.0,19,4,5720,1.0,2,0.0,0.5,0.25,0.0,0.18927444795
2446,5708.0,20,4,5720,1.0,1,0.981460444404,0.25,0.0625,0.0,0.328706624606
2447,5745.0,177,4,5749,1.0,2,0.0,0.5,0.25,0.0,0.18927444795
2448,6904.0,479,4,6918,1.0,1,0.993820148135,0.25,0.0625,0.0,0.328706624606
2449,6927.0,3,4,6973,1.0,2,0.0,0.5,0.25,0.0,0.18927444795
2450,6927.0,4,4,6973,1.0,2,0.981460444404,0.5,0.25,0.25,0.18927444795
2451,7043.0,3,4,7044,1.0,1,0.993820148135,0.25,0.0625,0.0,0.328706624606
2452,7043.0,3,4,7070,1.0,3,0.0,0.75,0.5625,0.0,0.218296529968
2453,7043.0,4,4,7070,1.0,3,0.981460444404,0.75,0.5625,0.0,0.218296529968
2454,7043.0,5,4,7047,1.0,2,0.992584177762,0.5,0.25,0.0,0.18927444795
2455,7075.0,444,4,14753,1.0,3,0.0,0.75,0.5625,0.0,0.218296529968
2456,7097.0,5,4,7130,1.0,1,0.0,0.25,0.0625,-0.5,0.328706624606
2457,7097.0,5,4,7098,1.0,3,0.490730222202,0.75,0.5625,0.25,0.218296529968
2458,7097.0,5,4,7113,1.0,4,-0.0185395555959,1.0,1.0,0.0,0.263722397476
2459,7097.0,6,4,7130,1.0,1,0.981460444404,0.25,0.0625,-0.25,0.328706624606
2460,7097.0,13,4,7130,1.0,1,0.987640296269,0.25,0.0625,-0.25,0.328706624606
2461,7097.0,159,4,7130,1.0,1,0.990730222202,0.25,0.0625,-0.25,0.328706624606
2462,7122.0,140,4,10294,1.0,2,0.0,0.5,0.25,0.0,0.18927444795
2463,8161.0,5,4,8162,1.0,2,0.981460444404,0.5,0.25,0.0,0.18927444795
2464,8161.0,5,4,8187,1.0,4,0.0,1.0,1.0,0.0,0.263722397476
2465,8161.0,6,4,8187,1.0,2,0.981460444404,0.5,0.25,0.0,0.18927444795
2466,8177.0,63,4,8182,1.0,3,0.0,0.75,0.5625,0.0,0.218296529968
2467,8235.0,2,4,8243,1.0,1,0.994702984115,0.25,0.0625,0.0,0.328706624606
2468,8235.0,2,4,8248,1.0,3,0.0,0.75,0.5625,0.0,0.218296529968
2469,8235.0,11,4,8243,1.0,1,0.995365111101,0.25,0.0625,0.0,0.328706624606
2470,8235.0,14,4,8243,1.0,1,0.995880098756,0.25,0.0625,0.0,0.328706624606
2471,8235.0,24,4,8243,1.0,1,0.996292088881,0.25,0.0625,0.0,0.328706624606
2472,8278.0,3,4,8286,1.0,1,0.992584177762,0.25,0.0625,0.0,0.328706624606
2473,8278.0,4,4,8286,1.0,1,0.993820148135,0.25,0.0625,0.0,0.328706624606
2474,8278.0,22,4,8286,1.0,1,0.994702984115,0.25,0.0625,0.0,0.328706624606
2475,8278.0,302,4,8284,1.0,2,0.987640296269,0.5,0.25,0.0,0.18927444795
2476,8318.0,1,4,8323,1.0,1,0.0,0.25,0.0625,-0.25,0.328706624606
2477,8318.0,1,4,8319,1.0,2,0.981460444404,0.5,0.25,0.25,0.18927444795
2478,8318.0,2,4,8322,1.0,2,0.990730222202,0.5,0.25,0.25,0.18927444795
2479,8318.0,3,4,8322,1.0,2,0.992584177762,0.5,0.25,0.25,0.18927444795
2480,8400.0,44,4,8447,1.0,3,0.0,0.75,0.5625,0.0,0.218296529968
2481,8400.0,45,4,8549,1.0,1,0.987640296269,0.25,0.0625,-0.25,0.328706624606
2482,8492.0,2,4,8494,1.0,1,0.99662917171,0.25,0.0625,0.0,0.328706624606
2483,8492.0,2,4,8495,1.0,2,0.987640296269,0.5,0.25,0.0,0.18927444795
2484,8492.0,2,4,8493,1.0,3,0.981460444404,0.75,0.5625,0.0,0.218296529968
2485,8492.0,2,4,8496,1.0,4,0.0,1.0,1.0,0.0,0.263722397476
2486,8492.0,3,4,8494,1.0,1,0.996910074067,0.25,0.0625,0.0,0.328706624606
2487,8492.0,3,4,8496,1.0,2,0.981460444404,0.5,0.25,-0.5,0.18927444795
2488,8492.0,3,4,8493,1.0,3,0.987640296269,0.75,0.5625,0.0,0.218296529968
2489,8492.0,3,4,8495,1.0,4,0.990730222202,1.0,1.0,0.5,0.263722397476
2490,8492.0,5,4,8494,1.0,1,0.997147760678,0.25,0.0625,0.0,0.328706624606
2491,8492.0,95,4,8493,1.0,2,0.990730222202,0.5,0.25,0.0,0.18927444795
2492,8492.0,95,4,8496,1.0,3,0.987640296269,0.75,0.5625,-0.25,0.218296529968
2493,8492.0,105,4,8493,1.0,2,0.992584177762,0.5,0.25,0.0,0.18927444795
2494,8492.0,106,4,8494,1.0,1,0.997682555551,0.25,0.0625,0.0,0.328706624606
2495,8492.0,219,4,8494,1.0,1,0.997818875812,0.25,0.0625,0.0,0.328706624606
2496,8648.0,25,4,8650,1.0,3,0.0,0.75,0.5625,0.0,0.218296529968
2497,8648.0,25,4,9889,1.0,4,0.0,1.0,1.0,0.0,0.263722397476
2498,8648.0,26,4,8651,1.0,1,0.993820148135,0.25,0.0625,0.0,0.328706624606
2499,8648.0,26,4,8655,1.0,2,0.990730222202,0.5,0.25,0.0,0.18927444795
2500,8648.0,26,4,9889,1.0,3,0.981460444404,0.75,0.5625,0.0,0.218296529968
2501,8648.0,32,4,8655,1.0,1,0.992584177762,0.25,0.0625,-0.25,0.328706624606
2502,8658.0,2,4,8659,1.0,1,0.995880098756,0.25,0.0625,0.0,0.328706624606
2503,8658.0,2,4,8663,1.0,2,0.992584177762,0.5,0.25,0.0,0.18927444795
2504,8658.0,4,4,8659,1.0,1,0.996292088881,0.25,0.0625,0.0,0.328706624606
2505,8658.0,4,4,8663,1.0,2,0.993820148135,0.5,0.25,0.0,0.18927444795
2506,8658.0,5,4,8663,1.0,2,0.994702984115,0.5,0.25,0.0,0.18927444795
2507,8658.0,6,4,8659,1.0,1,0.99662917171,0.25,0.0625,0.0,0.328706624606
2508,8658.0,6,4,8663,1.0,2,0.995365111101,0.5,0.25,0.0,0.18927444795
2509,8737.0,3,4,8739,1.0,1,0.987640296269,0.25,0.0625,0.0,0.328706624606
2510,8737.0,3,4,8740,1.0,2,0.981460444404,0.5,0.25,0.0,0.18927444795
2511,8737.0,3,4,8769,1.0,4,0.0,1.0,1.0,0.0,0.263722397476
2512,8737.0,4,4,8769,1.0,2,0.981460444404,0.5,0.25,0.0,0.18927444795
2513,8799.0,4,4,9812,1.0,4,0.0,1.0,1.0,0.0,0.263722397476
2514,8799.0,5,4,9812,1.0,1,0.981460444404,0.25,0.0625,-0.75,0.328706624606
2515,8799.0,5,4,8803,1.0,2,0.992584177762,0.5,0.25,0.0,0.18927444795
2516,8799.0,6,4,8801,1.0,1,0.996292088881,0.25,0.0625,0.0,0.328706624606
2517,8799.0,6,4,9812,1.0,2,0.987640296269,0.5,0.25,-0.5,0.18927444795
2518,9820.0,31,4,9834,1.0,2,0.0,0.5,0.25,0.0,0.18927444795
2519,9887.0,3,4,9893,1.0,1,0.981460444404,0.25,0.0625,-0.25,0.328706624606
2520,9887.0,3,4,9908,1.0,3,0.0,0.75,0.5625,0.0,0.218296529968
2521,9887.0,4,4,9888,1.0,1,0.993820148135,0.25,0.0625,0.0,0.328706624606
2522,9887.0,4,4,9908,1.0,2,0.981460444404,0.5,0.25,0.0,0.18927444795
2523,9887.0,29,4,9908,1.0,2,0.987640296269,0.5,0.25,0.0,0.18927444795
2524,9897.0,359,4,14974,1.0,2,0.0,0.5,0.25,0.0,0.18927444795
2525,9897.0,360,4,14974,1.0,4,-0.0185395555959,1.0,1.0,0.0,0.263722397476
2526,9958.0,2,4,9964,1.0,4,0.320973629603,1.0,1.0,0.0,0.263722397476
2527,9958.0,5,4,9961,1.0,1,0.994702984115,0.25,0.0625,0.0,0.328706624606
2528,9958.0,6,4,9961,1.0,1,0.995365111101,0.25,0.0625,0.0,0.328706624606
2529,10076.0,2,4,10088,1.0,1,0.987640296269,0.25,0.0625,0.0,0.328706624606
2530,10076.0,3,4,10088,1.0,1,0.990730222202,0.25,0.0625,0.0,0.328706624606
2531,10076.0,3,4,10080,1.0,4,0.987640296269,1.0,1.0,0.0,0.263722397476
2532,10076.0,7,4,10088,1.0,1,0.992584177762,0.25,0.0625,0.0,0.328706624606
2533,10076.0,222,4,10088,1.0,1,0.993820148135,0.25,0.0625,0.0,0.328706624606
2534,10145.0,3,4,10195,1.0,2,0.981460444404,0.5,0.25,0.0,0.18927444795
2535,10145.0,3,4,10220,1.0,3,0.0,0.75,0.5625,0.0,0.218296529968
2536,10146.0,4,4,10236,1.0,3,0.0,0.75,0.5625,0.0,0.218296529968
2537,10178.0,248,4,13314,1.0,2,0.0,0.5,0.25,0.0,0.18927444795
2538,10178.0,249,4,13314,1.0,2,0.981460444404,0.5,0.25,0.0,0.18927444795
2539,10178.0,250,4,13314,1.0,2,0.987640296269,0.5,0.25,0.0,0.18927444795
2540,10178.0,251,4,13314,1.0,2,0.990730222202,0.5,0.25,0.0,0.18927444795
2541,10365.0,8,4,10373,1.0,2,0.990730222202,0.5,0.25,0.25,0.18927444795
2542,10365.0,8,4,10471,1.0,3,0.981460444404,0.75,0.5625,0.0,0.218296529968
2543,10365.0,18,4,10372,1.0,1,0.990730222202,0.25,0.0625,0.0,0.328706624606
2544,10365.0,18,4,10369,1.0,2,0.987640296269,0.5,0.25,-0.25,0.18927444795
2545,10365.0,18,4,10471,1.0,3,0.987640296269,0.75,0.5625,-0.25,0.218296529968
2546,10420.0,58,4,11872,1.0,4,0.0,1.0,1.0,0.0,0.263722397476
2547,10580.0,19,4,10648,1.0,3,0.0,0.75,0.5625,0.0,0.218296529968
2548,10580.0,20,4,10585,1.0,1,0.993820148135,0.25,0.0625,0.0,0.328706624606
2549,10580.0,20,4,10648,1.0,2,0.981460444404,0.5,0.25,-0.25,0.18927444795
2550,10582.0,4,4,10589,1.0,2,0.987640296269,0.5,0.25,0.0,0.18927444795
2551,10582.0,4,4,10624,1.0,3,0.0,0.75,0.5625,0.0,0.218296529968
2552,10582.0,5,4,10589,1.0,2,0.990730222202,0.5,0.25,0.0,0.18927444795
2553,10634.0,2,4,10646,1.0,2,0.987640296269,0.5,0.25,0.0,0.18927444795
2554,10634.0,2,4,10665,1.0,3,0.0,0.75,0.5625,0.0,0.218296529968
2555,10634.0,3,4,10665,1.0,3,0.981460444404,0.75,0.5625,0.0,0.218296529968
2556,11902.0,47,4,12282,1.0,2,0.0,0.5,0.25,0.0,0.18927444795
2557,12023.0,270,4,12030,1.0,1,0.996292088881,0.25,0.0625,0.0,0.328706624606
2558,12023.0,270,4,15295,1.0,3,0.0,0.75,0.5625,0.0,0.218296529968
2559,12042.0,10,4,12068,1.0,1,0.0,0.25,0.0625,0.0,0.328706624606
2560,12049.0,7,4,12087,1.0,2,0.0,0.5,0.25,0.0,0.18927444795
2561,12049.0,8,4,12087,1.0,2,0.981460444404,0.5,0.25,0.0,0.18927444795
2562,12126.0,4,4,12129,1.0,2,0.0,0.5,0.25,0.0,0.18927444795
2563,12126.0,4,4,12139,1.0,3,0.0,0.75,0.5625,0.0,0.218296529968
2564,12126.0,5,4,12139,1.0,1,0.981460444404,0.25,0.0625,-0.25,0.328706624606
2565,12126.0,22,4,12139,1.0,1,0.987640296269,0.25,0.0625,0.0,0.328706624606
2566,12214.0,183,4,12233,1.0,4,0.0,1.0,1.0,0.0,0.263722397476
2567,12235.0,70,4,12250,1.0,4,0.0,1.0,1.0,0.0,0.263722397476
2568,12273.0,35,4,12309,1.0,2,0.0,0.5,0.25,0.0,0.18927444795
2569,12288.0,2,4,12293,1.0,2,0.981460444404,0.5,0.25,0.0,0.18927444795
2570,12288.0,3,4,12289,1.0,1,0.994702984115,0.25,0.0625,0.0,0.328706624606
2571,12433.0,6,4,12446,1.0,1,0.993820148135,0.25,0.0625,0.0,0.328706624606
2572,12433.0,6,4,12483,1.0,4,0.0,1.0,1.0,0.0,0.263722397476
2573,12448.0,4,4,12454,1.0,3,0.0,0.75,0.5625,0.0,0.218296529968
2574,12448.0,5,4,12451,1.0,1,-0.345693037064,0.25,0.0625,-0.75,0.328706624606
2575,12448.0,5,4,12450,1.0,2,0.994702984115,0.5,0.25,0.25,0.18927444795
2576,12448.0,5,4,12454,1.0,3,0.981460444404,0.75,0.5625,0.25,0.218296529968
2577,12448.0,8,4,12454,1.0,3,0.987640296269,0.75,0.5625,0.25,0.218296529968
2578,12515.0,173,4,12534,1.0,3,0.0,0.75,0.5625,0.0,0.218296529968
2579,12733.0,11,4,12734,1.0,3,0.0,0.75,0.5625,0.0,0.218296529968
2580,12733.0,11,4,12872,1.0,4,0.0,1.0,1.0,0.0,0.263722397476
2581,12839.0,2,4,12853,1.0,1,0.981460444404,0.25,0.0625,0.0,0.328706624606
2582,12839.0,2,4,12844,1.0,3,0.0,0.75,0.5625,0.0,0.218296529968
2583,12839.0,2,4,12869,1.0,4,0.0,1.0,1.0,0.0,0.263722397476
2584,12879.0,5,4,12883,1.0,1,0.990730222202,0.25,0.0625,0.0,0.328706624606
2585,12890.0,10,4,12893,1.0,1,0.994702984115,0.25,0.0625,0.0,0.328706624606
2586,12890.0,34,4,12893,1.0,1,0.995365111101,0.25,0.0625,0.0,0.328706624606
2587,12890.0,35,4,12893,1.0,1,0.995880098756,0.25,0.0625,0.0,0.328706624606
2588,12890.0,143,4,12893,1.0,1,0.996292088881,0.25,0.0625,0.0,0.328706624606
2589,12890.0,157,4,12893,1.0,1,0.99662917171,0.25,0.0625,0.0,0.328706624606
2590,12933.0,2,4,12936,1.0,1,0.990730222202,0.25,0.0625,-0.25,0.328706624606
2591,12933.0,3,4,12936,1.0,1,0.992584177762,0.25,0.0625,-0.25,0.328706624606
2592,13152.0,5,4,13188,1.0,3,0.981460444404,0.75,0.5625,0.0,0.218296529968
2593,13152.0,5,4,13189,1.0,4,0.0,1.0,1.0,0.0,0.263722397476
2594,13262.0,19,4,13267,1.0,4,0.0,1.0,1.0,0.0,0.263722397476
2595,13262.0,20,4,13267,1.0,1,0.981460444404,0.25,0.0625,-0.5,0.328706624606
2596,13262.0,39,4,13265,1.0,1,0.993820148135,0.25,0.0625,-0.25,0.328706624606
2597,13262.0,39,4,13267,1.0,2,0.987640296269,0.5,0.25,-0.25,0.18927444795
2598,13290.0,3,4,13307,1.0,2,0.987640296269,0.5,0.25,0.0,0.18927444795
2599,13290.0,4,4,13297,1.0,1,0.995365111101,0.25,0.0625,0.0,0.328706624606
2600,13368.0,6,4,13393,1.0,3,0.0,0.75,0.5625,0.0,0.218296529968
2601,13368.0,17,4,13370,1.0,1,0.99662917171,0.25,0.0625,0.0,0.328706624606
2602,13445.0,1,4,13448,1.0,2,0.0,0.5,0.25,0.0,0.18927444795
2603,13445.0,1,4,13450,1.0,4,0.0,1.0,1.0,0.0,0.263722397476
2604,13445.0,2,4,13446,1.0,1,0.994702984115,0.25,0.0625,0.0,0.328706624606
2605,13445.0,2,4,13449,1.0,2,0.987640296269,0.5,0.25,0.0,0.18927444795
2606,13445.0,2,4,13450,1.0,3,0.981460444404,0.75,0.5625,0.0,0.218296529968
2607,13445.0,4,4,13446,1.0,2,0.995365111101,0.5,0.25,0.25,0.18927444795
2608,13606.0,36,4,14854,1.0,4,-0.345693037064,1.0,1.0,0.0,0.263722397476
2609,13645.0,3,4,13667,1.0,3,0.0,0.75,0.5625,0.0,0.218296529968
2610,13670.0,34,4,14907,1.0,4,0.0,1.0,1.0,0.0,0.263722397476
2611,14722.0,5,4,14745,1.0,2,0.981460444404,0.5,0.25,-0.25,0.18927444795
2612,14794.0,10,4,14873,1.0,4,0.0,1.0,1.0,0.0,0.263722397476
2613,14861.0,2,4,14863,1.0,1,0.994702984115,0.25,0.0625,0.0,0.328706624606
2614,14861.0,2,4,14864,1.0,2,0.994702984115,0.5,0.25,0.0,0.18927444795
2615,14861.0,2,4,14865,1.0,3,0.993820148135,0.75,0.5625,0.0,0.218296529968
2616,15006.0,5,4,15021,1.0,4,0.0,1.0,1.0,0.0,0.263722397476
2617,15006.0,6,4,15014,1.0,3,0.990730222202,0.75,0.5625,0.5,0.218296529968
2618,15112.0,53,4,15542,1.0,1,0.981460444404,0.25,0.0625,0.0,0.328706624606
2619,15169.0,16,4,15325,1.0,3,0.0,0.75,0.5625,0.0,0.218296529968
2620,15169.0,17,4,15173,1.0,1,0.992584177762,0.25,0.0625,0.0,0.328706624606
2621,15199.0,44,4,15224,1.0,2,0.0,0.5,0.25,0.0,0.18927444795
2622,15261.0,2,4,15265,1.0,1,0.994702984115,0.25,0.0625,0.0,0.328706624606
2623,15261.0,2,4,15271,1.0,3,0.981460444404,0.75,0.5625,0.0,0.218296529968
2624,15377.0,27,4,15379,1.0,2,0.0,0.5,0.25,0.0,0.18927444795
2625,15377.0,27,4,15381,1.0,3,0.0,0.75,0.5625,0.0,0.218296529968
2626,15377.0,27,4,15583,1.0,4,0.0,1.0,1.0,0.0,0.263722397476
2627,15382.0,2,4,15383,1.0,1,0.987640296269,0.25,0.0625,0.0,0.328706624606
2628,15382.0,2,4,15385,1.0,3,0.0,0.75,0.5625,0.0,0.218296529968
2629,15519.0,3,4,15533,1.0,2,0.981460444404,0.5,0.25,0.0,0.18927444795
2630,15519.0,4,4,15533,1.0,2,0.987640296269,0.5,0.25,0.0,0.18927444795
2631,15519.0,7,4,15526,1.0,2,0.987640296269,0.5,0.25,0.0,0.18927444795
2632,15534.0,10,4,15541,1.0,3,0.0,0.75,0.5625,0.0,0.218296529968
2633,22.0,1372,4,46,1.0,1,0.886828938267,0.25,0.0625,-0.5,0.328706624606
2634,38.0,17,4,57,1.0,1,0.99662917171,0.25,0.0625,0.0,0.328706624606
2635,123.0,154,4,2162,1.0,1,0.981460444404,0.25,0.0625,-0.25,0.328706624606
2636,150.0,1447,4,15250,1.0,3,0.0,0.75,0.5625,0.0,0.218296529968
2637,172.0,4,4,203,1.0,3,0.981460444404,0.75,0.5625,0.0,0.218296529968
2638,252.0,4,4,254,1.0,2,0.993820148135,0.5,0.25,0.25,0.18927444795
2639,468.0,3,4,469,1.0,1,0.994702984115,0.25,0.0625,0.0,0.328706624606
2640,471.0,952,4,7106,1.0,3,0.0,0.75,0.5625,0.0,0.218296529968
2641,480.0,305,4,2867,1.0,3,0.0,0.75,0.5625,0.0,0.218296529968
2642,536.0,1357,4,13482,1.0,1,0.993820148135,0.25,0.0625,0.0,0.328706624606
2643,579.0,1,4,600,1.0,3,0.0,0.75,0.5625,0.0,0.218296529968
2644,652.0,725,4,1177,1.0,2,0.987640296269,0.5,0.25,-0.5,0.18927444795
2645,818.0,4,4,866,1.0,1,0.992584177762,0.25,0.0625,0.0,0.328706624606
2646,818.0,5,4,866,1.0,1,0.994702984115,0.25,0.0625,0.0,0.328706624606
2647,827.0,1309,4,831,1.0,1,0.997682555551,0.25,0.0625,0.0,0.328706624606
2648,1071.0,1077,4,10462,1.0,3,0.981460444404,0.75,0.5625,0.25,0.218296529968
2649,1139.0,1,4,1144,1.0,2,0.0,0.5,0.25,0.0,0.18927444795
2650,1235.0,1203,4,12531,1.0,4,0.0,1.0,1.0,0.0,0.263722397476
2651,1301.0,319,4,3098,1.0,2,0.981460444404,0.5,0.25,-0.25,0.18927444795
2652,1826.0,1308,4,14770,1.0,4,0.0,1.0,1.0,0.0,0.263722397476
2653,2242.0,9,4,2301,1.0,2,0.0,0.5,0.25,0.0,0.18927444795
2654,2261.0,8,4,2310,1.0,4,0.0,1.0,1.0,0.0,0.263722397476
2655,2334.0,1057,4,2337,1.0,1,0.998234328038,0.25,0.0625,0.0,0.328706624606
2656,2630.0,867,4,2631,1.0,1,0.99662917171,0.25,0.0625,0.0,0.328706624606
2657,2772.0,493,4,2773,1.0,3,0.998048467832,0.75,0.5625,0.5,0.218296529968
2658,3090.0,5,4,3107,1.0,1,0.0,0.25,0.0625,-0.25,0.328706624606
2659,3138.0,10,4,3167,1.0,3,0.0,0.75,0.5625,0.0,0.218296529968
2660,3326.0,2,4,3330,1.0,1,0.981460444404,0.25,0.0625,-0.25,0.328706624606
2661,3404.0,10,4,3454,1.0,3,0.0,0.75,0.5625,0.0,0.218296529968
2662,3554.0,2,4,3566,1.0,1,0.0,0.25,0.0625,-0.5,0.328706624606
2663,3670.0,28,4,3786,1.0,4,0.0,1.0,1.0,0.0,0.263722397476
2664,3970.0,6,4,3980,1.0,2,0.990730222202,0.5,0.25,0.0,0.18927444795
2665,4109.0,2,4,4111,1.0,1,0.992584177762,0.25,0.0625,0.0,0.328706624606
2666,4113.0,359,4,8453,1.0,3,0.0,0.75,0.5625,0.0,0.218296529968
2667,4113.0,360,4,8453,1.0,4,-0.345693037064,1.0,1.0,0.0,0.263722397476
2668,4128.0,416,4,9928,1.0,4,0.0,1.0,1.0,0.0,0.263722397476
2669,4128.0,417,4,4138,1.0,3,0.996292088881,0.75,0.5625,0.5,0.218296529968
2670,4139.0,5,4,4143,1.0,2,0.994702984115,0.5,0.25,0.25,0.18927444795
2671,4139.0,5,4,4165,1.0,3,0.320973629603,0.75,0.5625,0.0,0.218296529968
2672,4700.0,4,4,4709,1.0,1,-0.00926977779797,0.25,0.0625,-0.75,0.328706624606
2673,4700.0,4,4,4703,1.0,2,0.992584177762,0.5,0.25,0.25,0.18927444795
2674,4700.0,319,4,4703,1.0,2,0.995880098756,0.5,0.25,0.25,0.18927444795
2675,4873.0,256,4,4917,1.0,1,0.990730222202,0.25,0.0625,-0.25,0.328706624606
2676,5545.0,518,4,14797,1.0,4,0.0,1.0,1.0,0.0,0.263722397476
2677,8161.0,5,4,8165,1.0,3,0.981460444404,0.75,0.5625,0.0,0.218296529968
2678,8318.0,1,4,8327,1.0,4,0.0,1.0,1.0,0.0,0.263722397476
2679,8492.0,36,4,8494,1.0,1,0.997351492058,0.25,0.0625,0.0,0.328706624606
2680,8658.0,2,4,8674,1.0,3,0.981460444404,0.75,0.5625,0.0,0.218296529968
2681,12890.0,7,4,12891,1.0,4,0.0,1.0,1.0,0.0,0.263722397476
2682,13198.0,6,4,13248,1.0,4,0.0,1.0,1.0,0.0,0.263722397476
2683,13445.0,1,4,13446,1.0,1,0.992584177762,0.25,0.0625,0.0,0.328706624606
2684,13445.0,1,4,13449,1.0,3,0.0,0.75,0.5625,0.0,0.218296529968
2685,13606.0,35,4,14854,1.0,4,0.0,1.0,1.0,0.0,0.263722397476
2686,14794.0,11,4,14803,1.0,1,0.994702984115,0.25,0.0625,0.0,0.328706624606
2687,14794.0,11,4,14873,1.0,2,0.981460444404,0.5,0.25,0.0,0.18927444795
2688,14794.0,11,4,14795,1.0,4,0.773657876534,1.0,1.0,0.0,0.263722397476
2689,15382.0,2,4,15386,1.0,2,0.987640296269,0.5,0.25,0.0,0.18927444795
2690,22.0,1341,4,90,1.0,3,0.995365111101,0.75,0.5625,0.5,0.218296529968
2691,484.0,1,4,517,1.0,3,0.0,0.75,0.5625,0.0,0.218296529968
2692,900.0,367,4,3165,1.0,4,0.0,1.0,1.0,0.0,0.263722397476
2693,900.0,1115,4,901,1.0,1,0.996910074067,0.25,0.0625,0.0,0.328706624606
2694,2806.0,372,4,4194,1.0,4,0.0,1.0,1.0,0.0,0.263722397476
2695,5369.0,443,4,13045,1.0,4,0.0,1.0,1.0,0.0,0.263722397476
2696,8318.0,1,4,8322,1.0,3,0.0,0.75,0.5625,0.0,0.218296529968
2697,13645.0,3,4,13664,1.0,2,0.0,0.5,0.25,0.0,0.18927444795
2698,15560.0,1,4,15564,1.0,3,0.0,0.75,0.5625,0.0,0.218296529968
2699,15560.0,1,4,15567,1.0,4,0.0,1.0,1.0,0.0,0.263722397476
2700,22.0,1341,4,90,1.0,3,0.995365111101,0.75,0.5625,0.5,0.218296529968
2701,484.0,1,4,517,1.0,3,0.0,0.75,0.5625,0.0,0.218296529968
2702,900.0,367,4,3165,1.0,4,0.0,1.0,1.0,0.0,0.263722397476
2703,900.0,1115,4,901,1.0,1,0.996910074067,0.25,0.0625,0.0,0.328706624606
2704,2806.0,372,4,4194,1.0,4,0.0,1.0,1.0,0.0,0.263722397476
2705,5369.0,443,4,13045,1.0,4,0.0,1.0,1.0,0.0,0.263722397476
2706,8318.0,1,4,8322,1.0,3,0.0,0.75,0.5625,0.0,0.218296529968
2707,13645.0,3,4,13664,1.0,2,0.0,0.5,0.25,0.0,0.18927444795
2708,15560.0,1,4,15564,1.0,3,0.0,0.75,0.5625,0.0,0.218296529968
2709,15560.0,1,4,15567,1.0,4,0.0,1.0,1.0,0.0,0.263722397476
2710,484.0,1,4,486,1.0,1,0.990730222202,0.25,0.0625,0.0,0.328706624606
2711,536.0,1356,4,13482,1.0,1,0.981460444404,0.25,0.0625,0.0,0.328706624606
2712,652.0,1068,4,657,1.0,1,0.998803899639,0.25,0.0625,0.0,0.328706624606
2713,2536.0,797,4,8553,1.0,3,0.0,0.75,0.5625,0.0,0.218296529968
2714,2685.0,463,4,2687,1.0,1,0.997818875812,0.25,0.0625,0.0,0.328706624606
2715,15560.0,1,4,15566,1.0,1,0.0,0.25,0.0625,-0.25,0.328706624606
2716,484.0,1,4,486,1.0,1,0.990730222202,0.25,0.0625,0.0,0.328706624606
2717,536.0,1356,4,13482,1.0,1,0.981460444404,0.25,0.0625,0.0,0.328706624606
2718,652.0,1068,4,657,1.0,1,0.998803899639,0.25,0.0625,0.0,0.328706624606
2719,2536.0,797,4,8553,1.0,3,0.0,0.75,0.5625,0.0,0.218296529968
2720,2685.0,463,4,2687,1.0,1,0.997818875812,0.25,0.0625,0.0,0.328706624606
2721,15560.0,1,4,15566,1.0,1,0.0,0.25,0.0625,-0.25,0.328706624606
2722,484.0,1,4,486,1.0,1,0.990730222202,0.25,0.0625,0.0,0.328706624606
2723,536.0,1356,4,13482,1.0,1,0.981460444404,0.25,0.0625,0.0,0.328706624606
2724,652.0,1068,4,657,1.0,1,0.998803899639,0.25,0.0625,0.0,0.328706624606
2725,2536.0,797,4,8553,1.0,3,0.0,0.75,0.5625,0.0,0.218296529968
2726,2685.0,463,4,2687,1.0,1,0.997818875812,0.25,0.0625,0.0,0.328706624606
2727,15560.0,1,4,15566,1.0,1,0.0,0.25,0.0625,-0.25,0.328706624606
2728,94.0,23,4,822,1.0,3,0.0,0.75,0.5625,0.0,0.218296529968
2729,15560.0,1,4,15563,1.0,2,0.981460444404,0.5,0.25,0.25,0.18927444795
2730,94.0,23,4,822,1.0,3,0.0,0.75,0.5625,0.0,0.218296529968
2731,15560.0,1,4,15563,1.0,2,0.981460444404,0.5,0.25,0.25,0.18927444795
2732,94.0,23,4,822,1.0,3,0.0,0.75,0.5625,0.0,0.218296529968
2733,15560.0,1,4,15563,1.0,2,0.981460444404,0.5,0.25,0.25,0.18927444795
2734,94.0,23,4,822,1.0,3,0.0,0.75,0.5625,0.0,0.218296529968
2735,15560.0,1,4,15563,1.0,2,0.981460444404,0.5,0.25,0.25,0.18927444795
